id_review_main,review_rating,review_text
review_145,3,"เค้กนิ่ม ร้านน่ารักมีตุ๊กตากระต่ายทุกโต๊ะ
กาแฟ และ เมนู สมูทตี้ รสชาติยังไม่กลมกล่อม คุณภาพตามราคา
ที่จอดรถเยอะ"
review_145,5,"🧁  มินิซูเฟล่อร่อยยยยมาก 🥹💖
🥤 โกโก้เข้มข้นแบบดื่มไปแล้วตาโต เข้มข้นสุด
🍵  อูจิมัทฉะที่ถูกต้อง ᙏ̤̫͚

Package คิ้วมาก เหมาะกับ Brithday ꕀ 🎂
ร้านค้ามีความใส่ใจทั้งขนมและลูกค้า

*ส่วนตัวแนะนำครีมช็อคโก้ หวานกำลังดี ไม่เลี่ยน
ไว้จะอุดหนุนเรื่อยๆเลยค่ะ

𑁍ࠬܓ"
review_145,3,ร้านเปิดเพลงดังมากกก ไม่เหมาะสำหรับนั่งทำงาน กลิ่นในร้านออกนมๆ เหมือนนมเด็กคงเป็นเพราะเมนูขนมรึอะไรในร้านแต่ส่วนตัวไม่ชอบกลิ่นนี้ ถ้าเปลี่ยนเป็นกลิ่นอื่นภายในร้านได้น่าจะนั่งนานกว่านี้ค่ะ
review_145,3,ร้านขนมแพนเค้ก ซูเฟล่ ในโครงการ Forrest ม กรุงเทพรังสิต ร้านน่ารัก บรรยากาศดี มีขนมและเครื่องดื่มพวกชาเยอะมาก เราสั่งกาแฟมา รู้สึกว่าเข้มเกินไป ส่วนแพนเค้กโอเคเลย  มีกลิ่นไข่นิดๆ เนื้อจะแน่นๆแบบแฉะๆหน่อย คงเป็นลูกผสมซูเฟล่และแพนเค้ก รวมๆถือว่าโอเคเลยค่ะ
review_145,5,"สั่งกาแฟไข่มุก อร่อยดีหวานมัน
ส่วนขนมอร่อยมากครับ
ตัวแป้งมีความหอมนุ่ม
ส่วนครีมรสชาติและสัมผัสดีมาก
ไม่หวานจนเกินไป และไม่เลี่ยน
ชิ้นค่อนข้างใหญ่ อิ่มพอดี
เดี๋ยวต้องมาซ้ำครับ
น้องในร้านบริการดี ทำไวเสริฟเร็ว
บรรยากาศร้านน่ารัก
ชอบครับ 5/5"
review_145,5,ร้านน่ารัก ตกแต่งด้วยน้องกระต่าย bunny บรรยากาศสบายๆ มีขนมให้เลือกหลายอย่าง ชาก็ เย๊อะ
review_145,4,"ขนมอร่อย
เครื่องดื่มรสชาติดี
ไข่มุกเฉยๆ
ร้านน่ารัก แสงดี ถ่ายรูปออกมาสวย
น้องๆน่ารัก บริการดี
มีที่จอดรถ สะดวก"
review_145,5,วาฟเฟิ้ลคืออร่อยมากกกก ขนาดซื้อกลับมาทานบ้าน วันต่อมาไม่ต้องอุ่นยังอร่อยฝุดๆ ขนมเครื่องดื่มคือดีทุกเมนู ร้านก็น่ารักสุดๆ เลิฟเลยค่าา👍
review_145,5,อาหารอร่อย บรรยากาศดี เหมาะแก่การถ่ายรูป 💖💖
review_145,5,อร่อยมากครับ พาแฟนมาทานแฟนชอบมากๆครับ พนักงานน่ารักบริการดีมากครับ
review_145,5,ขนมอร่อยมากค่ะ พนักงานน่ารัก ตกแต่งร้านน่ารัก มีมุมถ่ายรูปกับนุ้งกระต่าย ผ่านไปผ่านมาแถวนี้ต้องแวะ
review_145,5,"ไข่มุกหนึบๆ หวานมัน
ขนมรสชาติและสัมผัสดีมาก ไม่เลี่ยน
ชิ้นใหญ่ อิ่มพอคุ้ม ราคาน่าคบ
ร้านน่ารักอ่ะ ❤️❤️
100/10"
review_145,4,ขนมอร่อยค่ะ
review_145,1,สั่งชาแก้วเดียวรอนานมาก เลยดูว่าพนักงานทำอะไรอยู่ คนทำก็ทำแบบงงๆ เฉื่อยๆ คือมันนานเกินไปจริงๆ
review_145,5,ราคาไม่แพง อร่อยทุกเมนูค่ะ
review_145,5,ร้านน่ารัก ขนมอร่อย แนะนำค่า
review_145,5,บริการดีมากค่ะ แถมของอร่อยมากค่ะ
review_145,5,ขนมและเครื่องดื่มอร่อย ราคาดี
review_145,5,กาแฟอร่อยมากค่ะ
review_145,5,อร่อยมาก
review_146,5,"อาหารอร่อย ราคาไม่แพงค่ะ มาหลายรอบแล้วค่า😍
เนื่องจากร้านปรับปรุงใหม่ กลับมาทานอีกครั้ง อร่อยเหมือนเดิมเลยค่ะ ปริมาณเยอะจุใจ 🥰😍แนะนำเลยค่ะ👍⭐️⭐️⭐️⭐️"
review_146,4,ร้านอยู่ในซอยลึก ร้านตกแต่งด้วยของเล่น ให้บรรยากาศเหมือนวัยเด็ก มีห้องขนาดย่อยและห้องใหญ่ รองรับลูกค้าได้หลายคน ราคาอาหารไม่แพงมาก
review_146,5,อาหาร  ขนม อร่อย บริการดี คุ้มค่า ร้านน่ารัก
review_146,5,ร้านน่ารัก  และบริการดีมากค่ะ
review_146,5,อาหารอร่อย ราคาไม่แพง บรรยากาศสบายๆ เหมาะกับครอบครัว
review_146,5,"ร้านลับๆที่อยู่ในซอยลึกๆ แนะนำว่าต้องมา
นั่งจิบแฟเช้า หรือชิลเบียร์เย็นๆ
และมีอาหารบริการราคาไม่แรงครับถ้าเทียบปริมาณและคุณภาพของที่ทำ"
review_146,4,ร้านนี้ ชอบนะ อบอุ่นดี เหมือนไปนั่งดูตัวเองตอนเป็นเด็กยุค 90 มีของเล่นประดับเต็มร้าน อาหารอร่อย ราคาปกติมากๆ ออกจะถูกไปด้วย บรรยากาศดีมาก ลองดูภาพของร้าน เขามีเมนูให้ดูด้วยแต่ไม่ครบ มีข้อตินิดเดียว ที่จอดรถได้น้อยไปหน่อย เท่านั้น
review_146,5,บรรยากาศดี เป็นร้านเล็กๆในห้องปรับอากาศ โซนด้านนอกก็มีนั่งเป็นซุ้มๆ แต่อาจจะมียุงรบกวน อาหารมีหลากหลาย ราคาไม่แพง มีวิวถ่ายรูปสวยๆด้วย ลองมาดูนะครับ ร้านที่แอบคิดว่าซอยแบบนี้จะมีร้านอาหารขายด้วยหรอ 555
review_146,5,ผัดไทยอร่อยมากแนะนำ
review_146,5,"อาหารอร่อยที่สุดในบรรดา คาเฟ่ ที่เคยไปมา
ราคาไม่แพง ถูกยังกะร้านข้าวเเกง  แต่อาหารช้าอยู่ครับ  รสชาด น้ำต่างๆก็พอกินได้ครับจากที่ลองหลายน้ำ มีของเล่นให้เด็กเล่นในร้าน"
review_146,4,สถานที่ทำเป็นห้องเล็กๆ แต่ละห้องมี 3 โต๊ะ เหมาะมากับเพื่อนคุยกันได้ อาหาร&เครื่องดื่ม ok (ที่สั่งมา)
review_146,5,"อาหารอร่อย บริการดี ราคาไม่แพง มาบ่อยมากค่ะ
มีที่ให้ลูกๆเล่น คนที่มีลูกมาค่ะจะชอบ 😊😊 …"
review_146,4,อาหารอร่อย.. ราคาไม่แพง.. บรรยากาศอบอุ่นดีครับ
review_146,5,บรรยากาศดี อาหารอร่อย
review_146,5,อาหารอร่อย ราคาไม่แพง บรรยากาศดีค่ะ
review_146,5,สิ่งที่ชอบมาพร้อมกับบรรยากาศที่ดีเสมอ
review_146,5,อาหารอร่อย..ไม่แพง
review_146,3,บรรยากาศเงียบดี..น่านั่ง
review_146,1,ที่นั่งน้อย ราคาสูงไปนิด
review_146,4,อาหารอร่อย สถานที่แปลกตา
review_146,5,อาหารอร่อย ราคาเหมาะสม
review_146,3,ต้องไปลองชิม
review_146,5,อาหารอร่อย
review_146,4,อาหารอร่อย
review_146,5,อาหารราคาสมเหตุสมผล
review_146,5,ผัดไทยและกุ้งอบเซนอร่อยมาก
review_146,4,positive
review_146,5,positive
review_146,5,positive
review_146,5,positive
review_146,4,positive
review_146,5,positive
review_146,5,positive
review_146,4,positive
review_146,5,positive
review_146,5,positive
review_146,5,positive
review_146,5,positive
review_146,5,positive
review_146,5,positive
review_146,5,positive
review_146,5,positive
review_146,5,positive
review_146,2,nagative
review_147,1,เป็นไปได้จะไม่มาอีก และจะไม่แนะนำร้านนี้ต่อครับ ร้านตกแต่งดี สงบ ไม่วุ่นวาย แต่บริการแย่มาก ลูกค้านั่งอยู่ในร้าน หยิบจับอุปกรณ์ล้าง ชงกาแฟ  ตักน้ำแข็งเสียงดังเกินไป หลายครั้งมาก เราหันไปมองแล้วมองอีก จนจะปิดร้าน เราออกมาตอน16.49 อะเคร้านใกล้จะปิดละ แต่ล้างอุปกรณ์เสียงดังไนักกว่าเดิมเหมือนไม่พอใจ ประชดลูกค้า  ใครดูรีวิวนี้อยู่ ขอเตือนไว้ก่อนนะครับ พนักงานคนอื่นอาจจะไม่เป็น ถ้าโชคดีไม่มาเจอ
review_147,5,เป็นร้านที่น้อยคนจะรู้จักหากใครชอบร้านกาแฟเงียบๆ มีเน็ต มีแอร์ ราคาสบายกระเป๋า 50-100+ มานั่งทำงานก็แนะนำเลยครับผม
review_147,4,ึคาเฟ่สุดชิล สงบ เย็นฉ่ำ มีโต๊ะ 4-5 โต๊ะ โซฟานั่งสบาย ราคาเบามาก มีเค้กให้เลือกชิมนิดหน่อย
review_147,5,เป็นร้านที่กาแฟอร่อยมากๆ เกรดราคาหลักร้อยแต่ขายราคากาแฟทั่วไป ร้านแอบอยู่ในตลาดที่ปิดตัว หายากไปหน่อย แต่คุ้มค่าที่จะไปลองครับ
review_147,5,อเมริกาโน่ หอมเข้มเต็มรสมาก
review_147,5,เจ้าของใจดีพนักงานบริการเด่น บรรยากาศ สงบ
review_147,3,ไปนั่งจิบชาที่ทางเจ้าของร้านรวบรวมมาเยอะ บรรยากาศธรรมดา การชงธรรมดา
review_147,5,กาแฟอร่อย ร้านน่ารักน่านั่ง
review_147,2,จำไมได้
review_147,5,กาแฟอร่อย
review_147,4,เหมาะสำหรับนั่งทำงานเฉยๆ การเลือกกาแฟและชาที่ดี แม้ว่ากาแฟสกัดเย็นจะค่อนข้างธรรมดา
review_147,1,ไม่มีใจบริการ
review_147,5,ร้านกาแฟที่ดีมาก ๆ เพียงนั่งพักผ่อนสักหน่อย ลืมโลกภายนอกและพักผ่อนสบายๆ ด้วยกาแฟดีๆ สักแก้ว ❤
review_147,5,สถานที่ที่ดีและฉันชอบกาแฟของพวกเขา
review_147,5,กาแฟ บิสกิตและเค้กชั้นเยี่ยม บริการเป็นกันเองเช่นกัน
review_147,5,ชอบกาแฟและคุกกี้ รสชาติดีที่สุดเลยทีเดียว
review_147,5,พนักงานที่ดีที่สุด!
review_147,5,positive
review_147,1,nagative
review_147,4,positive
review_147,5,positive
review_147,5,positive
review_147,4,positive
review_147,2,nagative
review_147,3,positive
review_147,5,positive
review_147,5,positive
review_147,5,positive
review_147,3,positive
review_147,5,positive
review_148,5,เป็นที่ที่เหมาะกับการนั่งทำงาน อ่านหนังสือมากกค่ะ บรรยากาศเงียบ อาหารไม่แพง ค่าบริการไม่แพง
review_148,5,เหมาะกับการนั่งทำงานยาวๆ มากกกค่ะ หลายๆ ที่ไม่อนุญาตให้นำน้ำนำขนมเข้า แต่ที่นี่มาเสิร์ฟถึงที่ 555555 ถ้าเปิดถึงดึกกว่านี้หน่อยน่าจะดี
review_148,5,ดีทุกอย่าง แต่ร้านลับจริงๆ ป้ายน่าจะติดใหญ่กว่านี้  อาหารอร่อย เครื่องดื่มดี มีห้องเกมส์สำหรับลูกค้าที่พาลูกมาด้วยจะได้ไม่ซน ไม่น่าเบื่อระหว่างรอ😘😘 …
review_148,5,บรรยากาศน่านั่งทำงาน ราคาเหมาๆ ทั้งวันไม่แพง
review_148,5,บริการดี สถานที่สะอาด พนักงานน่ารักเป็นกันเอง servicemind เยี่ยม เหมาะกับอ่านหนังสือ ประชุม พบปะ พูดคุย เครื่องดื่มจาก starbuck
review_148,5,มาครั้งแรก ประทับใจการบริการดีมาก มากๆๆๆ เครื่องดื่มอาหารขนมมีหลากหลาย ใช้บริการแบบนั่งกินแล้วกลับก็ได้ หรือจะใช้พื้นที่ส่วน co working space ก็ได้ครับ
review_148,5,"สถานที่ดีมาก เงียบสงบ สะอาด เหมาะกับการนั่งทำงานสุดๆ
ค่าบริการทั้งวันก็ถูกมาก ยังได้เครื่องดื่ม และปริ้นงานฟรี 10 แผ่นด้วย
พนักงานบริการดี ถูกใจมากค่ะ"
review_148,5,บรรยากาศดี สะอาด เหมาะสำหรับนั่งทำงาน หรือ อ่านหนังสือ มีห้องประชุมสำหรับคุยงาน พนักงานบริการดี สุภาพมาก ไปใช้บริการมา 3 รอบแล้ว ถูกใจค่ะ ส่วนราคาเหมาะสมค่ะเมื่อเทียบกับคุณภาพ และ บริการ
review_148,4,"เล็กกว่าที่คิด แต่โดยรวมก็ดี มีที่จอดรถ
เข้าทางเดียวกับร้านอีสาน 101 แต่เลยเข้าไปอีกสุดทางเลย

ราคาเริ่มต้น
ใช้เฉพาะพื้นที่ 3 ชม. 80 บาท
ถ้า3 ชม.บวกน้ำ1แก้ว = 120 บาท
ทั้งวัน+น้ำ = ประมาณ 180 บาท (จำราคาไม่ได้)
ถ้า 3 ชม.+น้ำ+ขนม =200
ทั้งวัน+น้ำ+ขนม =220

มีปลั๊กไฟ wifi พร้อม เปิดเพลงบรรเลงเบาๆ
มีห้องส่วนตัวแต่ไม่แน่ใจว่าต้องอย่างน้อยกี่คน
เห็นมีห้งเล่นเกมส์ด้วย"
review_148,5,ห้องเล่นเกมสนุกมาก พนักงานบริการดีมากๆๆๆๆๆ น่ารัก เล่นเกมไม่เป็น ก็สอนเล่นเกมด้วย เสียดายพื้นที่ร้านเล็กไปหน่อย นั่งๆ ทำงานไป ง่วงนอน ไม่มีที่งีบ 555 ส่วนตัว ชอบมากๆ
review_148,5,ไม่เคยรีวิวที่ไหนเลยแต่ที่นี่ดีจนต้องบอกต่อฮับ ร้านเหมาะกับการอ่านนสมากๆ ราคาดี น้ำอร่อย พนักงานดีสุดๆๆๆๆๆๆๆ
review_148,4,งุ้ยยยย อเมริกาโน & ขนมปังกระเทียมแบบกรอบๆ 🍴☺️🤗
review_148,5,กาแฟอร่อย โต๊ะทำงานมีความเป็นส่วนตัว มีห้องให้นั่งเล่นเกมส์ด้วย
review_148,5,สะดวกสะอาดที่จอดรถแยะเครื่องดื่มเยี่ยมแอร์เย็นฉ่ำเงียบสงบอุปกรณ์ต่างๆพร้อมเหมาะกับการประชุมกลุ่มย่อยหรือทำงาน
review_148,5,เป็นที่สงบที่เดียวในรังสิตเท่าที่นึกออก ขอบคุณสำหรับพื้นที่อ่านหนังสือดีๆค่ะ
review_148,5,พนักงานน่ารักมาก บรรยากาศดี มากันเยอะเถอะ กลัวเค้าปิดดด
review_148,5,มาหลายครั้ง ค่อนข้างประทับใจครับ มีเครื่องเกมส์ ให้ผ่อนคลายด้วย
review_148,4,พนักงานบริการดี ราคาไม่แพง อาหารและเครื่องดื่มอร่อยและดีเลย
review_148,4,เหมาะกับคนมานั่งทำงานอ่านหนังสือค่ะ
review_148,5,ชอบในความสงบและเหมาะสมสำหรับการมาทำงานประชุม ทุกอย่างมีพร้อมจริงๆ
review_148,5,มุมสงบ ห้องประชุม บริการดี นั่งทำงานยาวๆได้
review_148,5,ใช้บริการบ่อยมากๆค่ะ พนักงานเป็นกันเองบริการดีมากๆค่ะ
review_148,5,Co- working space ย่านปทุม ราคาเข้าถึงได้ก็ร้านนี้ละมาเถอะ
review_148,5,กาแฟอร่อย พนังงานน่ารัก ลงตัวทุกอย่างอยากให้มา
review_148,5,ดี
review_148,5,เหมาะสำหรับมานั่งทำงาน
review_148,5,"+กาแฟสตาร์บัค
+ พนักงานที่เป็นมิตร
+ บรรยากาศที่ผ่อนคลาย
+ Wifi และแท่นชาร์จ
+ ที่จอดรถมากมาย
+ แทบไม่มีใครมาที่นี่ตอนมื้อเที่ยง"
review_148,5,แนะนำ Co-working place สำหรับใครที่ต้องการพื้นที่เงียบสงบมีสมาธิกับการทำงานหรือทำการบ้าน ด้วยราคาโปรโมชั่นดีๆ เพียงวันละ 160 บาท รับเมนูเครื่องดื่มฟรี 1 เมนู!!
review_148,5,รักสถานที่แห่งนี้! เหมาะสำหรับการทำงาน
review_148,5,พื้นที่ทำงานที่ดีเยี่ยม และอัตราที่ดีจริงๆ อย่าคิดว่าจะเจออะไรที่ดีกว่านี้
review_148,5,positive
review_148,5,positive
review_148,5,positive
review_148,5,positive
review_148,5,positive
review_148,5,positive
review_148,5,positive
review_148,5,positive
review_148,5,positive
review_148,5,positive
review_149,5,"กาแฟเยอะมาก
อร่อย ไม่แพง yunan หอม แต่ออกฝาดนิดๆ น่าจะ under
ถ้าได้เครื่องบดที่ดีอาจจะดึงรสชาติได้ดีกว่านี้
ที่นั่งเยอะพอสมควร
อาหารก็มี ไม่แพง
ด้านนอกร่มรื่นไม่ร้อน"
review_149,5,กาแฟดีๆ ราคาน่ารัก เลือกเมล็ดกาแฟความเข้มอ่อนได้ เจ้าของร้านน่ารักค่ะ
review_149,5,เป็นร้านที่มีเมล็ดกาแฟให้เลือกเยอะมาก ทั้งเมล็ดกาแฟไทย และ ตปท.ที่สำคัญราคาไม่แพง เราลองเมล็ดกาแฟเทพเสด็จ คั่วเข้ม รสชาติถูกปาก ถูกใจมาก ใครไม่ดื่มกาแฟ มีชา และเครื่องดื่มอื่นๆให้เลือกหลายเมนู อาหารคาวก็มี ขนมก็มี วันนี้ไปชิมกาแฟ มีโอกาสจะไปชิมอาหารค่ะ ร้านมีโซนที่นั่งทั้ง air และ open air  มีที่จอดรถสะดวกค่ะ แนะนำนะคะ
review_149,5,เจ้าของร้านน่ารักค่ะ มีกาแฟให้เลือกหลากหลายมากๆ โกโก้มิ้นเข้มข้นมาก ร้านอยู่ซอยลึกเลยคนน้อยอยากให้มาลองกันค่ะ
review_149,4,"บังเอิญเจอร้านนี้ใน Google Maps ก็เลยลองมาดู ร้านอยู่ในซอยเข้ามาลึกพอสมควร ถ้าไม่มีรถอาจจะไม่สะดวก ที่จอดรถมีอยู่ข้าง ๆ ร้าน น่าจะจอดได้ 7-8 คัน ร้านมีทั้งโซนมีแอร์และไม่มีแอร์ แต่ช่วงที่ร้อนมาก ๆ อย่างช่วงเที่ยงถึงบ่ายแอร์อาจจะเอาไม่ค่อยอยู่ ร้านมีอาหารกับขนมบริการด้วย

เมล็ดกาแฟมีให้เลือกเยอะมาก ทั้งไทยและต่างประเทศ ราคาไม่แรง แต่ส่วนใหญ่จะเป็นคั่วกลางกับคั่วเข้ม ทางร้านแนะนำให้ลองเมล็ดจาก Shan State สำหรับอเมริกาโน่ อร่อยดี บอดี้ไม่หนัก ฉ่ำ หวานจากเมล็ด เป็นคั่วกลางที่ไม่หนัก ชอบค่ะ อีกแก้วเพื่อนสั่งเป็นคาปูชิโน่ปั่น ร้านเป็นคนเลือกเมล็ดให้ ไม่ได้ขอชิมแต่เพื่อนบอกอร่อยดี จะไปลองเมล็ดอื่น ๆ อีกค่ะ"
review_149,5,มีเมล็ดให้เลือกเยอะมากๆ ราคาไม่แพง
review_149,5,เป็นร้านกาแฟที่มีเมล็ดให้เลือกเยอะมาก คั่วอ่อนกลางเข้ม ทั้งพันธุ์ไทยและต่างประเทศในราคาย่อมเยา โรตีอร่อยมากค่ะ เหนียวนุ่ม
review_149,5,เป็นร้านกาแฟเล็กๆที่มีที่นั่งทั้งห้องแอร์และไม่แอร์  มีเครื่องคั่วในร้านใช้คั่วกาแฟได้ตามที่ต้องการ ราคาไม่แพง มีเมล็ดกาแฟหลากหลายมากทั้งจากในไทยและต่างประเทศ พนักงานบริการเป็นกันเอง อธิบายดีครับ จอดรถสะดวกในที่จอดของร้าน
review_149,5,"..ชีวิตติด คาเฟอีน.. #เกลอคาเฟ่
รูดๆ กูเกิ้ลละก็มาลองสิ รอ อะไร.. ร้านลับในซอยหมู่บ้าน กาแฟหลากหลาย เจ้าของร้านใจดี ให้มะกอกมา คุณแตงกวา ได้กินด้วย😘 ที่นี่จะเป็นโรงคั่วกาแฟด้วย เมล็ดจะออกแนว คั่วกลาง ถึงคั่วเข้ม.. มีอาหารให้บริการด้วย บรรยากาศร้านดี มีมุมนั่งพักผ่อนเยอะ เป็นแนว open air..นะครับ เจ้าของร้านอัธยาศัยดี ยิ้มแย้มเป็นกันเองด้วย.."
review_149,3,"ร้านกาแฟที่อยู่ในซอยลึกกกกกมาก ๆ มีที่จอดรถในร้ายได้ประมาณ 6-7 คัน ที่ร้านคั่วเมล็ดกาแฟเอง โดยส่วนใหญ่โพรไฟล์การคั่วจะออกไปทางเข้ม จนถึงเข้มมาก ๆ

ลาเต้เย็นเมล็ดไทยบลูเมาเทนท์คั่วกลาง ให้โทนติดเปรี้ยวแบบผลไม้นิด ๆ จบด้วยโทนช็อคโกแลต แต่ตัวกลิ่นกาแฟจางไวมาก ๆ ครับ ดื่มไปสักพักแล้วเหมือนดื่มนมเย็นเฉย ๆ เลย ไม่แน่ใจว่าเป็นเพราะอะไรครับ

พนักงานคอนข้างเป็นมิตรและบริการดีครับ"
review_149,5,กาแฟอร่อยและมีเมล็ดกาแฟให้เลือกหลายชนิด  อาหารอื่นๆรสชาตดี ราคาไม่แพง ร้านเข้าไปลึกแต่บรรยากาศดี และมีที่จอดรถ
review_149,5,"กาแฟให้เลือกมากมาย ราคาย่อมเยาเกิ้นนน
เมนูอาหารเพียงพอ
บรรยากาศดี
เจ้าของร้านใจดี
ที่จอดรถมีหลังคาบ้าง"
review_149,5,"ร้านกาแฟเล็กๆ ในซอยหมู่บ้าน ที่มีเมนูหลากหลายเมล็ดกาแฟมีให้เลือกเยอะมาก แถมมีเมนูอาหาร ของว่างเยอะ

บรรยากาศร้านน่ารัก มีหลายโซนให้นั่ง ด้านในมีแอร์ / ร้านตกแต่งชิงช้า กระโจมเล็กๆ / ที่จอดรถมีให้ลูกค้าค่อนข้างกว้าง / ราคาไม่แพง"
review_149,5,เข้าซอยค่อนข้างลึก ร้านมีที่จอดรถ อาหารและเครื่องดื่มราคาถูก ห้องน้ำสะอาด มีโซนนั่งในร้านและนอกร้าน นอกร้านเป็นsmoking area นั่งชิวๆได้ บริการดีค่ะ
review_149,2,ดีๆๆ แต่....บรรยากาศดีมาก มีที่นั่งเยอะ สะอาดน่านั่ง ราคาประทับใจ มีที่จอดรถ ถึงสถานที่จะอยู่ในซอยลึกแต่ไม่ใช่ปัญหาถ้ามีรถ ตอนนี้กำลังมีการวางท่อ การเดินทางมาก้อจะลำบากหน่อย แต่ๆๆ บริการห่วยค่ะ Barrista น้องผู้หญิงไม่ถึงต้องยิ้มให้พี่ก้อได้ค่ะ ไม่รู้สึกถึงความเป็นมิตรเลย ไม่สบตาเลยในระหว่างที่ตอบคำถาม ตอบห้วนมาก เรามาครั้งแรกและครั้งสุดท้ายค่ะ เสียดายนะอยากมาอีกแต่ถ้ามาแล้วเสียความรู้สึกแบบนี้ก้อไม่ล่ะ  คุณอาจจะเจอบริการที่ดีก้อได้ค่ะ ลองมาดู เราผิดเอง มาเช้าเกิน 8.30 โมง คนขายคงอารมณ์ไม่ดี
review_149,5,ร้านนั้งสบาย บรรยากาศดีมีที่นั้งในร้านตากแอร์หรือจะเลือกนั้งโซนข้างร้าน มีสนามหญ้า ต้นไม้ ได้บรรยากาศดีครับ บริการดี  เครื่องดื่มอร่อย มีอาหารให้สั่งกินด้วยครับ
review_149,5,มีกาแฟให้เลือกมากมาย จากหลายแหล่งปลูก เหมาะมากสำหรับคอกาแฟที่อยากลองรสชาติแปลกๆใหม่ๆ
review_149,5,"กาแฟ 2 , โรตี 1 ราคารวม 150 บาท
รสชาติดี โรตี ช้าหน่อย
แต่ได้ของดี นั่งสบาย"
review_149,3,บรรยากาศร้านดี นั่งสบาย ชอบตรงมีเปลด้วย กาแฟมีให้เลือกหลากหลายดีครับ แล้วแต่คนชอบเลย
review_149,5,เยี่ยม สพานหน้าวัดลาดสนุ่นเปิดแล้วนะครับ ไปร้าน Glur Cafe’ ไม่ต้องอ้อมแล้วครับ
review_150,2,มาซื้อทุกครั้งพนักงานไม่เคยเอากระดาษเท็ชชูพันแก้วให้เหมือนสาขาอื่น  ถ้ามีบริการกระเท็ชชูพันแก้วให้ก็น่ามาเป็นลูกค้าประจำ  มันเย็นมือ
review_150,2,มีความรู้สึกอึดอัด รอนานพนักงานไม่แจ้งก่อนว่ามีออร์เดอร์จากภายนอกต้องลุกไปถาม ปวดปัสวะต้องไปไกล ไม่แน่จริงอย่ามา
review_150,2,พนักงานหน้านิ่งมาก
review_150,3,ลองอะไรที่ไม่ใช่กาแฟบ้างครับผม
review_150,5,DarkChoc เข้มข้น สาขานี้คนเยอะไปนิด แต่ก็ได้อยู่ แอร์เย็น มีเพลงฟังด้วย ที่นั่งเยอะ
review_150,4,นั่งสบายเพลงเพราะครับ
review_150,5,พนักงานหล่อ อย่างฟิน
review_150,5,ที่จอดรถหน้าร้านน้อย แต่ร้านอยู่ตรงข้ามที่จอดรถตลาดรังสิต เข้าไปจอดได้
review_150,5,น้ำช็อกโกแลตอร่อยค่ะ เอาไว้จะมาอุดหนุนอีกนะคะ
review_150,5,น้องๆ บริการดีจ้ะ
review_150,4,มาตรฐานเดียวกัน
review_150,5,พนักงานน่ารัก
review_150,5,สวย
review_150,5,positive
review_150,5,positive
review_150,5,positive
review_150,5,positive
review_150,5,positive
review_150,4,positive
review_150,5,positive
review_150,5,positive
review_150,5,positive
review_150,5,positive
review_150,5,positive
review_150,1,nagative
review_150,4,positive
review_150,5,positive
review_150,3,positive
review_150,5,positive
review_150,4,positive
review_150,5,positive
review_150,5,positive
review_150,3,positive
review_151,5,"ร้านกาแฟริมถนน แบบ Slow Bar ที่มักจะเป็นการทำ espresso ด้วย moka pot
ราคากลางๆ 60-70บาท
และบรรยากาศ แค้มปิ้ง ตั้งเก้าอี้แค้มปิ้ง trunk box เป็นโต๊ะง่ายๆ
กาแฟดี รสชาติดี Espresso × Orange และ ชาไทย
เสียดาย ฝนใกล้ตกเลยนั่งนานไม่ได้"
review_151,5,รสชาตสมราคา มีกาแฟทั้งคั่วเข้ม คั่วกลางให้เลือก เครื่องดื่มเมนูส้มโซดาแนะนำเลยครับ บรรยากาศน่านั่งคุยกับเพื่อน ร้านเปิดโล่งปลอดโปร่งใต้ร่มไม้ โซนรังสิตอยากเปลี่ยนบรรยากาศแนะนเลยครับ
review_151,4,เต็นท์เล็กๆ ไว้ดื่มกาแฟดีๆ...บริการดี...
review_151,5,positive
review_151,5,positive
review_151,5,positive
review_151,4,positive
review_151,5,positive
review_151,5,positive
review_152,4,มีเมนูใหม่ๆ แต่รสชาดยังไม่โดน
review_152,5,พนักงานน่ารักทุกคน🌟 …
review_152,5,สงบ อากาศดี อ่านสือได้ชิวววววว
review_152,5,โอเค 🤗
review_152,4,positive
review_152,4,ดี👍 …
review_152,5,positive
review_152,5,positive
review_152,4,positive
review_152,5,positive
review_152,5,positive
review_153,5,ล้างรถสะอาดใส่ใจรายละเอียดรถ อาหารอร่อยระหว่างรอกระเพรา29ใส่พริกแห้งรสจัดจ้าน พร้อมไข่ดาวกรอบๆไข่แดงไม่สุก อยากทานแบบไหนขอให้เชฟทำได้เลยอร่อยมากๆ😋
review_153,5,แนะนำร้านนี้เลยค่ะ ล้างรถสะอาด ฝุ่นดูดทุกมุมจริงจังมาก ราคามิตรภาพ ชอบตรงมีคาเฟ่ให้นั่งจิบเครื่องดื่มแอร์ฉ่ำๆ ถ้ามาตอนคิวเยอะ อาจรอนานนิดนึง..แต่รอได้ค่ะ ถ้าเทียบกับคุณภาพที่ออกมา
review_153,5,อาหารอร่อย ที่นั่งรอสบายๆ มีทั้งแอร์ และนั่งด้านนอก บรรยากาศดี ล้างรถถูกมาก กินอิ่มรถเสร็จพอดี แจ่มมม
review_153,5,บริการดีมากล้างรถให้สะอาดมากดูดฝุ่นให้สะอาดมากล้างแล้วรถเหมือนออกใหม่อีกครั้งราคาไม่แพงเลยแค่ใบแดงเดียวแต่คุณภาพเหมือนแบงค์ม่วงอาหารอร่อยน้ำโกโก้อร่อยมากข้าวผัดเรื้อแดดเดียวอร่อยให้เยอะจะไปใช้บริการอีก
review_153,5,รถสะอาด เงาวับทั้งภายในและภายนอกเลยค่ะ เบาะผ้าที่มีขนแมวก็สะอาดเอี่ยมเลย ราคาย่อมเยาว แนะนำค่ะ
review_153,5,"เป็นร้านล้างรถที่มีคาเฟ่ด้วย กาแฟดี ราคาปกติ อาหารอร่อย ราคาไม่แรง ล้างรถดี สะอาด ไว อัธยาศัยดี เป็นกันเอง

ถ้ามาล้างรถ แล้วสั่งอาหาร หรือเครื่องดื่ม จะได้ส่วนลด 10% สำหรับราคาอาหาร & เครื่องดื่มด้วย

ปล. แอร์เย็นมาก ส่วนด้านนอกก็ไม่ร้อนเพราะมีพัดลม

ปี 2567 ราคาล้างรถขึ้นจากป้าย 20.-"
review_153,4,"ร้านคาเฟ่ลับๆ+ร้านล้างรถในตัว
มีทั้งกาแฟเครื่องดื่มและอาหารครบจบในที่เดียว
กาแฟเข้มข้นถึงใจอร่อยมาก
ส่วนอาหาร เด็ดสุดๆ ข้าวกะเพราเนื้อสับพริกแห้ง อร่อยมากๆ ใครจะมาแนะนำสั่งเลยนะ

วันนี้พาSubaru มาล้างรถดูดฝุ่นพร้อมเคลือบสี ราคาดีงามไม่แพงเลย ค่าล้าง 180 ค่าเคลือบสี 250 รวมเป็น 430 บาท ถูกมากถ้าเทียบกับที่อื่น ที่นั่งภายในร้านก็หรูหรามากเลย ด้านนอกก็มีที่นั่งเหมือนกันสบายๆโดยรวมโอเคคุ้มค่าแก่การมาแน่นอน ทุกวันนี้ก็มาล้างรถที่นี้เป็นประจำ"
review_153,4,ร้านล้างรถที่มีกาแฟด้วย นั่งกินกาแฟระหว่างรอรถ กาแฟยังไม่ดีเท่าไหร่ แต่ล้างรถสะอาดดี ใหม่กริบ
review_153,5,เข้ามาใช้บริการร้านกาแฟอยู่บ่อยครั้ง และเป็นครั้งแรกที่ใช้บริการล้างรถ สุดยอดมาก สะอาด ใส่ใจ ดูแลดีมากครับ ราคาดีไม่แพง
review_153,4,บริการดี มี Cafe บรรยากาศน่านั่ง ล้างรถก้สะอาด ค่าบริการไม่แพงเลย อยู่แถวนั้น แนะนำเลยครับ ดีมากๆ แต่ควรไปเช้าๆหน่อย
review_153,5,"ร้านกาแฟ มีอาหารบริการบ้างเล็กน้อย กินแก้หิวได้
อาหารอร่อยนะ สปาเก็ตตี้ขี้เมา เข้มข้นดี
กาแฟก็ได้มาตรฐาน
ที่จอดรถ พื้นที่กว้างขวาง
ร้านมีหลายโต๊ะ นั่งกันสบายๆ"
review_153,5,เป็นร้านล้างรถที่รู้สึกว่าจะเป็นร้านลับ 1 ร้าน เลยก็ว่าได้ พื้นที่ในร้าน ค่อนข้างที่จะโล่ง มีพื้นที่ในการ รับรองลูกค้าไม่ว่าจะเป็นด้านนอกอาคารและด้านในอาคาร ส่วนตัวมาใช้บริการครั้งที่ 2 รู้สึกว่าประทับใจมากครับ ราคาก็ใกล้เคียงกับร้านด้านนอก แต่ว่าจะถูกกว่าสักประมาณนึง แต่เรื่องของการบริการค่อนข้างดีกว่าหลายๆร้านบริเวรนี้
review_153,5,"ร้านลับๆอยู่ในซอย มาเพราะปากต่อปากล้วนๆ
ร้านล้างรถ+ร้านคาเฟ่ มีกาแฟสดอาหารเครื่องดื่มพร้อมขาย ล้างรถราคาถูกมาก ล้าง pre wash โฟมสองรอบ อาหารราคาไม่แพง ล้างรถสะอาด ห้องน้ำสะอาดมาก ห้องรับรองลูกค้าที่มาล้างรถก็โหดมากหรูหรามาก เทียบกับราคาล้างรถ 160 บาท ห้องรับรองขนาดนี้หาที่ไหนไม่ได้อีกแล้ว กาแฟรสชาตเข้มข้น ก๋วยตเตี๋ยวคั่วไก่ กระเพราเนื้อสับพริกแห้งเด็ดมาก แนะนำเลยครับ"
review_153,5,รับบริการล้างรถ : ล้างดีมาก สะอาด ดูดขนน้องแมวหมดจด พนักงานบริการดี สุภาพ น่ารัก ไปทุกเดือนบริการดี
review_153,4,มาใช้บริการที่ร้านนี้หลายครั้งแล้ว มากี่ครั้งก็ยังบริการได้ประทับใจเหมือนเดิมไม่เคยเปลี่ยน มีอาหารและเครื่องดื่มราคาคุ้มค่าอีกมากมาย แถมยังมีมุมถ่ายรูปเล็กๆน่ารักๆด้วย ลองเข้ามาใช้บริการร้านนี้ดูนะครับ
review_153,5,ใช้บริการล้างรถหลายครั้ง ล้างสะอาดราคาไม่แพง มีเครื่องดื่มและอาหารให้กิน ระหว่างรอล้างรถ ที่รับรองลูกค้าแอร์เย็น แทบอยากจะได้หมอนนอน
review_153,5,"บริการดี ล้างรถสะอาดใส่ใจลูกค้าทุกรายละเอียด
ที่ชอบคือมีร้านกาแฟด้วย ร้านกว้างขวาง สะอาดอาหารก็อร่อย👍🏻👍🏻 …"
review_153,5,อาหารอร่อย รถสะอาด ถ่ายรูปลง ig ได้ไม่มีอายใคร ครบทุกอย่าง  บริการทุกระดับประทับใจ  กับราคาเพื่อนกันยังบอกว่าถูกเกิล
review_153,5,ล้างรถสะอาดมากๆ อาหารกาแฟอร่อย บริการดีมากๆจ้า
review_153,5,ได้ทั้งล้างรถและนั่งดื่มกาแฟ ทานของว่างเล่นแบบชิลๆ แอร์เย็นสบาย ถูกใจไว้มาล้่างรถที่นี่อีกค่ะ
review_153,5,ล้างสะอาดบริการดี อาหารอร่อยค่ะ มีคาแฟ่ให้นั่งรถรหว่างล้างรถ พนักงานสุภาพ
review_153,5,ล้างโฟม 2 รอบ สะอาดทั้งนอกและใน มีอาหารและกาแฟอร่อยๆ บรรยากาศดีๆ ที่ให้นั่งรอ และราคาที่จับต้องได้อ่ะะะะะค้าบ 💙 …
review_153,5,"แค่เลี้ยวรถเข้าไป พนักงานก็เข้ามาต้อนรับ พร้อมทั้งอธิบาย บริการต่างๆ บรรยากาศนั่งรอ ร่มรื่น หรือ ถ้าอยากจิบกาแฟก็มีให้บริการ และยังไม่แค่นั้น ยังมีบริการ อาหาร เครื่องดื่ม ไว้คอยบริการ อย่างครบครัน สนน ราคาก็ย่อมเยาว์ ล้างรถอาจจะนานนิดหนึ่ง แต่เรียกว่า ทำความสะอาดดูแล ทุกซอก ทุกมุม ให้บริการทุกวัน8.00-17.00ยกเว้นวันจันทร์
#มีดีจึงบอกต่อครับ"
review_153,5,อาหารอร่อย บรรยากาศดี ล้างรถสะอาดค่ะ แนะนำทุกคนมาล้างเลยนะคะ
review_153,5,รถสะอาด บรรยากาศดี จิบกาแฟระหว่างรอ ชิวๆ แนะนำเลยครับ
review_153,5,มาล้างรถที่นี่ครั้งแรก ประทับใจมาก บริการเต็มที่สุดๆๆๆ รถสะอาดมากๆๆๆๆๆ ทั้งข้างในและข้างนอก ที่นั่งรอดี กลับไปอีกแน่นอน
review_153,5,ร้านล้างรถคุณภาพเกินราคาครับ โกโก้อร่อย มาอีกแน่นอนครับ
review_153,5,"Cafe + car care
บริการดีเครื่องดื่มอาหารอร่อยราคาถูก + ล้างรถดูดฝุ่นสะอาดเอี่อมอ่อง"
review_153,5,"บริการดีมากๆ ราคาถูก แถมมีคาเฟ่ให้นั่งรอ
กาแฟอร่อย"
review_153,5,"ระหว่างรอล้างรถ มีที่นั่งจิบกาแฟ รสชาติดี เมนูหลากหลาย
ราคาเหมาะสม บรรยากาศสบายๆ ที่จอดรถกว้างขวาง มาอีกแน่นอนครับ"
review_154,5,ร้านนี้เปลี่ยนเป็นชื่อข้าวคำน้ำคำ อาจจะเปลี่ยนเจ้าของ อยู่ติดโรงเรียนโชคชัยรังสิต ในที่จอดรถเลย ฝั่งที่มีศาลเจ้า บรรยากาศดี อยู่ริมน้ำ มีที่จอดรถ มีที่นั่งนอกร้าน ในร้านแอร์เย็น มีอาหารและเครื่องดื่ม อาหารยังไม่ได้ชิม วันนี้สั่งโกโก้ปั่น 65 บาท รสชาติปกติเหมือนคาเฟ่อื่นๆ ชอบบรรยากาศริมน้ำ ดูสบายๆ  มานั่งรอลูกได้เพลินๆค่ะ
review_154,5,"ที่ตั้งเดียวกับ Cafe 8 Wa ปรับปรุงร้านภายในนั่งสบายขึ้น มีขายอาหารเพิ่มหลายอย่าง อาหารอร่อย
- ข้าวกระเพราหมูสับ อร่อย ไข่ดาวทอดได้เป๊ะ อย่างที่อยากได้
- ข้าวผัดหมูสามชั้น เบค่อน อร่อย
- ไก่กรอบเกาหลีอร่อย
- มัทฉะลาเต้ หวานน้อย รสชาติดีเลย
- อเมริกาโน่เย็น เข้ม กลมกล่อม"
review_154,3,"ร้านกาแฟที่มีสวน และของเล่นให้เด็กๆ ตัวร้านไม่ได้ใหญ่มาก นั่งได้สัก 3-4 โต๊ะ แต่ฝั่งสวนที่นั่งจะเยอะกว่า เพียงแต่ความร่มรื่นน้อยไปนิด จะมีบางโต๊ะเท่านั้นที่โดนแดดน้อย ซึ่งถ้าไม่มีพัดลมช่วยก็จะร้อนอบอ้าวอยู่

มี live music ตอนบ่ายสาม ดีอยู่

กาแฟ เครื่องดื่มที่นี่ ก็มาตรฐานทั่วไป อาหาร มี BBQ ที่อร่อยอยู่(ด้วยซอส BBQ) spaghettis ไม่ค่อยอร่อย ทำซอสไม่เข้ากับเส้น แต่พอทานได้ pizza เป็นแป้ง pizza แบบญี่ปุ่นโอเคอยู่ ข้าวหมูอบซอสก็ใช้ได้
โดยรวมจุดเด่นอยู่ที่สวน ถ้าวันไหนลมดีๆ แดดร่มๆ ก็มานั่งชิวทานข้าวได้อยู่"
review_154,4,กาแฟรสชาติใช้ได้ สั่งลาเต้ร้อน55บาท ทางเข้าสวยต้นไม้ใหญ่ที่จอดรถกว้างขวาง ทำเลดีติดคลอง มุมที่นั่งสวยบ้างงงๆบ้าง สถาปนิกลูกผสมแบบไม่ค่อยลงตัวมากนัก งานเฟอร์นิเจอร์ไม่ค่อยไปกับแบบบ้านเกร๋ของตัวร้านเท่าไหร่ แต่ก้อนั่งสบาย วันนี้อากาศร้อนไปนิด เสียดายทำเลน่ามีต้นไม้ใหญ่ในร้านจะได้ร่มรื่น
review_154,5,ร้านกาแฟบรรยากาศดีมากด้านนอกอยู่ริมคลอง มีสวนและต้นไม้ร่มรื่น ลมโชยเย็นทำเอาเคลิ้มง่วง กาแฟรสชาติดี มีที่จอดรถกว้างขวาง ไม่วุ่นวาย
review_154,4,"คาเฟ่แปดวา คาเฟ่สไตล์บ้านริมคลอง ที่ซ่อนตัวอยู่ข้างโรงเรียนโชคชัยรังสิต อยู่บริเวณเดียวกับที่จอดรถสำรองของโรงเรียนเลยค่ะ

ทางเข้าจะอยู่ตรงตีนสะพานข้ามคลองสาม บนถนนเลียบคลองรังสิต พอพ้นแนวกำแพงโรงเรียน ก็เตรียมเลี้ยวซ้ายเข้าไปได้เลย ร้านอยู่ทางขวามือขนานไปกับแนวลำคลอง

ภายในร่มรื่นและสงบ มีที่นั่งทั้งแบบ indoor และ outdoor พร้อมด้วยพื้นที่ให้เด็ก ๆ ได้ปล่อยพลังกัน

ที่นี่เขาบริการเครื่องดื่มพื้นฐาน เช่น ชา กาแฟ โกโก้ สตอเบอรี่และมิกซ์เบอร์รี่สมูสตี้ กับอาหารจานเดียวง่าย ๆ

เหมาะสำหรับใครที่ผ่านมาแถวนี้และอยากหาที่นั่งพักผ่อน แบบมีรูปติดไม้ติดมือไปลงในโซเชียลนิด ๆ หน่อย ๆ"
review_154,5,เครื่องดื่มรสชาติดี ทางร้านแนะนำเรื่องเครื่องดื่มเป็นอย่างดี บรรยากาศริมคลองลมพัดเย็นๆ นั่งชิลๆ ได้เรื่อยๆ
review_154,5,"บรรยากาศร่มรื่น อาหารอร่อย ราคาไม่แพง
กาแฟช่อดอกมะพร้าวดีมาก☕️
มัทฉะลาเต้ดีมาก🍵"
review_154,4,สงบ ริมน้ำ เป็นที่ส่วนตัว  ติดโรงเรียนโชคชัย ถึงจะไม่ร่มรื่นมาก แต่ก้อพยายามดูแลต้นไม้ให้โตไวๆ มีศาลาริมน้ำครับ
review_154,1,ขอรีวิวตามจริงนะคับ กาแฟรสชาตเฉยๆครับถ้าเทียบกับราคา ส่วนอาหาร สั่งผัดกระเพรา กับข้าวไข่เจียว ถือว่าแพงไปนิดนึง บรรยากาศถือว่าธรรมชาติ อยู่ริมคลอง แต่ข้างนอกอากาศร้อน  นั่งพักข้างในแอร์ก็ร้อนมาก ทำให้หายใจไม่ออก ถ้าเป็นคาเฟ่ ควรปรับปรุงเรื่องแอร์เพราะลูกค้านั่งทานข้าวไปแล้วร้อนไป มันจะทำให้ลูกค้าไม่ประทับใจแน่นอน
review_154,5,คาเฟ่ริมคลองสไตล์ลอฟต์ บรรยากาศชิวๆ เครื่องดื่มอร่อย แนะนำให้ลองสิมิลันกับมัจฉะเลมอน ดื่มแล้วสดชื่นมากๆ
review_154,4,อาหารอร่อย เครื่องดื่มราคาก็ไม่สูงมาก มุมถ่ายรูปเยอะ ไปช่วงเย็นๆคงสวยน่าดู
review_154,5,"คาเฟ่น่ารักข้างโรงเรียนโชคชัยรังสิต
กาแฟเข้มข้นมีเค้กให้ทานหรือจะสั่งอาหารและของทานเล่น เหมาะที่จะนัดพบเพื่อนหรือคุยงาน มีที่นั่งทั้งในอาคารและกลางแจ้ง หากมาช่วงเช้าหรือช่วงเย็นๆแดดอ่อนๆ สามารถนั่งได้เรื่อยๆ"
review_154,4,ร้านน่ารัก มีพื้นที่ให้เด็กวิ่งเล่น บรรยากาศดี อยู่ริมคลอง กาแฟโอเค มีห้องแอร์ นั่งด้านนอกได้ มีขนมบ้าง เพลงไม่ดังจนเกินไป
review_154,5,บรรยากาศนั่งชิวๆ มีวิวติดริมคลองธรรมชาติสุดๆ  มีที่จอดรถกว้างขวาง ที่สำคัญกาแฟอร่อยสุดยอดค่ะ
review_154,5,"ร้านน่ารักกก มุมถ่ายรูปเยอะ
ราคาดีย์ ชาอร่อย มีกับข้าวด้วย
พ่อค้าถ่ายรูปเก่ง วานแกถ่ายได้อยุ่นาาาา
ลองมาตำจ้าาา"
review_154,5,"บรรยากาศร้านดี ร่มรื่น สงบ พนักงานบริการดี
ปีใหม่ มีของขวัญให้ลูกค้า น่ารักมากๆ"
review_154,3,กาแฟรสชาติกลางๆ ร้านริมน้ำ มีชิงช้าในห้องแอร์ให้นั่งด้วย
review_154,4,ร้านสวย มีสวนเล็กๆ ริมคลอง อาหารรสชาติใช้ได้  ราคาโอเค
review_154,4,"ร้านกาแฟสไตล์ง่ายๆ สบายๆ  ที่จอดรถเยอะแยะ
ความได้เปรียบคือได้ทำเลติดคลอง
แต่การจัดสถานที่ ยังไม่ค่อยลงตัวนัก
อาจติดช่วงโควิด ที่ปิดๆ เปิดๆ"
review_155,5,กาแฟอร่อย ชาเขียวปั่นอร่อยค่า
review_155,5,อร่อยมาก
review_155,5,ลาเต้ร้อนสักแก้วในราคาสุดคุ้ม
review_155,5,positive
review_156,4,บรรยากาศดีร้านน่ารักร่มรื่น ไฟในร้านสวย อาหารขนมหวานคุณภาพดีมากและอร่อยมากๆ แต่เมนูน้ำยังไม่ว้าวรถชาติเฉยๆ เพียวมัจฉะกินง่ายเพราะผงมัจฉะมีผสมน้ำตาลมานิดหน่อย โดยรวมราคาแพงนิดหน่อยแต่คุ้มค่าครับ
review_156,5,วันนี้ได้มาฟัง นิทาน แถวปทุมธานี...มีเรื่องเล่ามากมาย 55 *นิทานคาเฟ่* เป็นอีก คาเฟ่ ที่เราตั้งเป้าหมายว่าจะต้องมา สัมผัส สักครั้ง หลังจากติดตามมานาน วันนี้ได้โอกาสแล้ว...ไม่ผิดหวังเลย...ร่มรื่นด้วยต้นไม้ใหญ่ภายนอกอาคาร ติดตามมาด้วย สายน้ำ เล็กๆที่ใหลผ่านเป็น ลำธาร น้อยๆให้ฟังเพลินหูดี.. มีมุมให้นั่งเล่น ดิ่มกิน ตามอัธยาศัย ประดับประดาด้วย มุมเล็กๆหลายมุม ดูร่มรื่น เย็นตา สบายใจดีเช่นกัน. ภายในอาคารที่เป็นส่วนนั่ง ดื่มกิน ก็ดูเย็นตา อีกเช่นกัน ด้วยดอกไม้แห้ง สีสดสด รสชาติอาหาร โอเค แต่ราคาก็ต้องโอเค ตามรสชาติและบรรยากาศด้วยนะครับผม...สรุปความได้ว่า *มาแล้วไม่ผิด✅️ ถ้าไม่มาสิถือว่าผิด❌️* แวะเวียนกันมานะคร้าบบบบบ♥️
review_156,5,ร้านน่ารักๆในจังหวัดปทุมธานี  บริการดีเยี่ยม น้องๆพนักงานน่ารักทุกคน  อาหาร/เครื่องดื่มตรงปกไม่จกตาเป๊ะเว่อร์  มุมถ่ายรูปเยอะมากทั้งโซนด้านนอกและด้านใน  ลองมาสัมผัสกันค่ะ กลับสู่โลกนิทานในวัยเยาว์กันนะ
review_156,4,"ร้านสวยดีค่ะ ตั้งอยู่ในหมู่บ้าน แต่ราคาค่อนข้างแรงเมื่อเทียบกับทำเล เครื่องดื่มแก้วละ 100++ แต่เข้าใจได้ค่ะเพราะตกแต่งร้านเยอะ สั่งคนละอย่างน้อย 1 order นะคะ เครื่องดื่มรสชาติโอเคค่ะ
ที่จอดรถมีไม่เยอะ แต่จอดแปะแถวหน้าร้านได้ค่ะ"
review_156,4,คาเฟ่น่ารัก บรรยากาศดี มีมุมให้ถ่ายรูปเยอะ เมนูน้ำกับขนมเยอะ ส่วนเมนูอาหารอาจจะน้อยหน่อยค่ะหน้าร้านมีที่จอดรถ ถือว่าสะดวกเลยค่ะ ชื่อเมนูน่ารักมากๆ 55555 รสชาติโอเคค่ะ ใครผ่านมาแถวนี้แวะมาได้ค่ะ 💕💕💕
review_156,4,ขนมและเครื่องดื่มอร่อยดี บรรยากาศดี แต่ราคาแพงไปนิดสำหรับร้านแถวนี้ ไปสี่คนกินขนมกับกาแฟตกพันกว่าบาท กินข้าวร้านอาหารแถวนี้ได้มื้อใหญ่มื้อนึงเลย
review_156,5,ร้านสวยน่ารัก แต่งร้านเหมือนเทพนิยาย ร้านร่มรื่นๅบรรยากาศดีมีที่จอดรถสะดวกสบาย อาหารอร่อย เครื่องดื่มไม่ค่อยเท่าไหร่ ราคาแอบแรงไม่หน่ิอย
review_156,5,"ไปตอนสายๆ คนไม่มีเลยยยย บรรยากาศเงียบสงบดีมากๆ ถ้ามาตอนอื่นไม่รู้ว่าคนจะเยอะหรือเปล่านะ แต่ตอนสายๆ คือดีมาก
ส่วนอาหารถือว่ารสชาติใช้ได้เลย อร่อยตามรสชาติต่างประเทศ แต่ถ้าคนชอบรสจัดอาจจะถือว่าจืดไปหน่อย แต่ละเมนูคือมีเรื่องราว น่ารักมากๆ ต้องไปลองซักครั้งครับ"
review_156,3,ร้านสวยสะอาด อาหารอร่อย แต่พนักงานควรปรับปรุง รับออเดอร์ลูกค้าแบบพยักหน้ารับ ไม่มีแม้แต่คำขอบคุณ งงมาก ราคาขนาดนี้แต่ไม่มีservice mind (หวังว่าน้องผมสั้นจะยิ้มบ้างนะคะ คนหน้าตาดียิ้มแล้วจะดูดีขึ้นไปอีกค่ะ )
review_156,5,"ร้านสวยมุมถ่ายรูปเยอะ บรรยากาศดี                       pet friendly(เฉพาะโซนด้านนอก)
เราสั่งแค่กาแฟกับขนมรู้สึกว่ากาแฟธรรมดาทั่ว ๆ ไป          ไม่ได้ว้าว ส่วนขนมอร่อยดีครับ"
review_158,4,ร้านคาเฟ่ของวีรสุที่พาพ่อแม่มาประจำ อยู่ในห้างฟิวเจอร์ กาแฟอร่อย ชอบเมนูโคคุโตะลาเต้ หอมน้ำตาลไหม้  ขนมก็พอใช้ได้ เน้นสุขภาพ มีแบบหวานน้อยใช้แป้งสเปลท์ พนักงานน่ารักบริการดี แต่ที่นั่งน้อยไปหน่อยค่ะ
review_158,5,ฟรุตเค้ก อร่อยมากครับ ไม่หวานมาก
review_158,4,Good service พนักงานแนะนำสินค้าละเอียดดี กาแฟ นุ่ม โกโก้ หอมเข้ม
review_158,5,ร้านอยู่ชั้นใต้ดินฝั่งโรบินสันค่ะ ใกล้กับทางเข้า ท๊อปส์ซุปเปอร์มาร์เก็ต ชอบน้องๆพนักงาน เอาใจใส่และบริการดีมากค่ะ ขอบคุณนะคะ🥰 …
review_158,5,พนักงานเอาใจใส่ดีมาก เป็นบเกอรี่เพื่อสุขภาพที่รสชาติดี
review_158,5,ฉันชอบที่พวกเขามีตัวเลือกนมจากพืชปลอดนมสำหรับลูกค้าที่นี่ และฉันเชื่อว่าตัวเลือกนมข้าวนั้นฟรีด้วย นอกจากนี้ยังมีเค้กปลอดกลูเตนและไม่มีนมอีกด้วย! ฉันชอบช็อกโกแลตมาก อร่อยมาก ♥
review_158,5,positive
review_158,4,positive
review_160,4,เป็นร้านกาแฟใน INDEX อยู่ชั้น 2 มีอาหาร Quick Meals ขาย เค้กก็มี แต่มีโต๊ะให้นั่งรับประทานน้อยไปหน่อยค่ะ
review_160,5,เครื่องดื่มลด 50% บางเมนู...เหมาะแก่การแวะพักสักหน่อย
review_161,5,positive
review_162,5,ไข่มุกนุ่มหนึบ อร่อยมากๆต้องมาลองนะคะ ราคาสบายกระเป๋า เมนูหลากหลายครบจบที่เดียวค่ะ
review_162,5,ชาไข่มุกอร่อยมาก คุณภาพดีคุ้มราคาค่ะ ชอบมาก
review_162,1,ตอนนี้ร้านปิดแล้ว.
review_162,5,positive
review_163,4,"ทุกครั้งที่ผ่านมาที่นี่ครับ..อดที่จะแวะมานั่งดื่มกาแฟที่นี่ไม่ได้..บริการดีเป็นกันเอง  มีความสุภาพต่อลูกค้าด้วยดีเสมอมา
ห้องเล็กๆ ไม่ใหญ่มาก  แต่แสดงถึงความอบอุ่นมากๆ  สามารถเลือกนั่งได้ทั้งในร้านและกลางแจ้ง..ขนมมีให้เลือกเยอะมากครับ..อร่อยครับ..อยากรู้ว่าจริงหรือไม่เชิญมาสัมผัส ทดลองชอมด้วยตัสท่านเองครับ"
review_163,3,รู้สึกรสชาติชาเขียวนมไม่เหมือนเดิมค่ะ  ไม่แน่ใจว่าเปลี่ยนสูตรหรือยังไง  ความหวานเฟมือนใช้น้ำตาลแทนนมมากเกินไปจนทำให้กลิ่นของนมหายไปค่ะ
review_163,4,ห้องน้ำสะอาดที่จอดรถเพียงพอ กาแฟรสชาติอร่อยครับ
review_163,5,🍵☕🍽️🍰🥪
review_163,5,แวะเติมน้ำมัน เข้าห้องน้ำ กินกาแฟ
review_163,5,มีสินค้าให้เลือกหลากหลาย พนักงานดี สะอาด เปิดตลอด 24 ชั่วโมง
review_163,4,นั่งพัก ทานแาหารมื้อแรก ระหว่างเดินทางกลับบ้าน
review_163,3,พนักงานไม่ค่อยมีใจด้านบริการ สั่งทานที่ร้าน น้ำเปล่าไม่มีให้
review_163,5,ผู้จัดการร้าน+พนักงาน.. ยิ้มแย้มแจ่มใสบริการดีพูดจาไพเราะมาก.. น้ำเสียงน่าฟังชวนซื้อเครื่องดื่ม
review_163,4,กาแฟอร่อยแต่น้องลืมเมนูเราทำให้คนอื่นจนข้าม Q เราเลยไปถาม น้องขอโทษครับพี่ผมลืม ว่าซ่านนนนน
review_163,2,"เวลาทำการของร้านสาขานี้
อาจจะแปลกกว่าสาขาอื่นไปบ้างนะครับ
วันอาทิตย์ ปิดบ่ายสาม"
review_163,4,สะอาดสะอ้านบรรยากาศในห้องดูมีระเบียบมีโต๊ะนั่งห่างไม่แออัดสบายๆ
review_163,2,แรกๆรสชาติก็โอเคดีหรอกค่ะแต่ปีจจุปันดื่มคาปูร้อนเหมือนดื่มน่ำเปล่าเลยค่ะ แก้ไขทีน๊า
review_163,5,ทะเบียนบ้านปทุม แต่ใช้ชีวิตเมืองนนท์ ผ่านทีไรแวะทุกทีสะอาดดีค่ะ
review_163,4,"สถานที่ตกแต่งได้ดี
น่านั่งดื่มกาแฟกัน
บรรยากาศดี รสชาติกาแฟดี
น่ามาเช็คอิน"
review_163,1,ร้านไม่ใหญ่มาก แต่ก็okครับ
review_163,4,พนักงานพูดจาดี
review_163,5,ดูดี สะอาด สะดวก รวดเร็ว รอไม่นาน
review_163,5,ก็ดีค่ะรสชาติกาแฟได้ตามมาตรฐาน Amazon ร้านอื่นๆ
review_163,5,อาหารอร่อย...มีมาตรการป้องกัน Covid มั่นใจได้ในระดับหนึ่ง
review_163,4,ราคาเครื่องดื่มเข้าถึงได้ ถั่วแดงปั่น มันส์และอร่อยสุด
review_163,5,คือดี พนักงานน่ารัก พูดก็เพราะ
review_163,4,ถ้าเทียบกับอเมซอนตามปั๊มถือว่าใช้ได้เลยค่ะ
review_163,5,ปกติดี
review_163,5,ดีมากครับ
review_163,4,น่านั่ง
review_163,5,มีร้าน kfc
review_163,5,สะดวกสบายเชิญเลย แวะเข้ามามีสินค้าขาย
review_163,5,พนักงานมีอัธยาศัยดี สถานที่สวยงาม
review_163,4,นั่งกินกาแฟแก้ง่วงแล้วค่อยเดินทางต่อ
review_163,4,กาแฟ ขนม ระหว่างเดินทาง มีหลายที่ ชอบๆ
review_163,5,ถ้าชอบรสชาติแบบนี้แล้ว
review_163,5,คาปูชิโน่ปั่นอร่อยมาก
review_163,3,เช้าๆคิวเยอะมากครับ
review_163,5,แวะเข้าห้องน้ำเฉยๆ
review_163,5,จอดรถได้มากครับ
review_163,5,ชงอร่อยดี
review_163,4,แวะมาฉี่
review_163,4,ครบทุกรสสะดวกเวลา
review_163,5,บริการดี รสชาติอร่อย
review_163,5,บริการดีครับ
review_163,3,เหมือนกันกับ สาขาอื่น
review_163,5,กาแฟอร่อยมากครับ
review_163,4,ล่องกล้า
review_163,5,บรรยากาศดี
review_163,3,วันนี้รสชาติเปลี่ยน
review_163,4,บริการดี
review_163,5,ปกติดื่มเป็นประจำ
review_163,4,ดีค่ะ สะอาด
review_163,5,ดีมาก
review_163,4,ดีนะ
review_163,5,อร่อยเหมือนเดิม
review_163,5,ดีงาม ตามมาตรฐาน อเมซอน
review_163,4,อร่อย ราคาดี
review_163,5,มารอเพื่อน
review_163,5,กินกาแฟ
review_163,5,กาแฟอร่อย บริการเยี่ยม
review_163,4,กาแฟอร่อย
review_163,5,ระบบจัดการดี
review_163,5,บรรยากาศดี
review_163,5,ลีลาคาเฟ่สไตล์
review_163,5,อร่อย
review_163,5,กาแฟไม่นิ่ง
review_163,5,หรอยแรงคับ
review_163,4,เพื่อนยามเกินทาง
review_163,5,ร่มรื่น มาากกกกกก
review_163,3,เยื่ยมครับ
review_163,4,บริการดีครับ น้องน่ารักอยู่นะ
review_163,5,อร่อย
review_163,1,พวกเขาใช้เวลา 15 นาทีในการทำเครื่องดื่มสองแก้ว และแก้วหนึ่งผิด ขณะที่มิเตอร์แท็กซี่ยังทำงานอยู่ เสียเวลา!
review_163,5,อเมซอนคาเฟ่เป็นสถานที่ที่คุ้นเคยในประเทศไทยและเครื่องดื่มก็อร่อย
review_163,4,"พนักงานที่ดีและกันเอง

ด้วยการควบคุมช็อตอย่างชาญฉลาด คุณสามารถทำให้มันอร่อยได้โดยไม่ขมขื่น บุคลากรมีความสดใสและมีใจบริการดีกว่าที่อื่น แต่ไม่มีเมนูพรีเมี่ยมและต้องขอผ้าเช็ดปากทุกครั้ง"
review_163,5,สถานที่ที่ดีที่จะมีกาแฟดีๆ ถ้าคุณต้องรอด้วยเหตุผลใดก็ตามที่โรงพยาบาล พนักงานสามารถพูดภาษาอังกฤษได้จึงไม่มีปัญหา
review_163,5,กาแฟดี. พนักงานที่เป็นประโยชน์
review_163,5,พนักงานน่ารักมาก
review_163,5,positive
review_163,4,positive
review_163,4,กาแฟที่คาเฟ่อเมซอนมีความสอดคล้องกับสาขาอื่นๆ
review_163,5,ขอบคุณมากๆครับ
review_163,4,positive
review_163,3,ขอบคุณมากๆครับ
review_163,4,ขอบคุณมากๆครับ
review_163,4,ขอบคุณมากๆครับ
review_163,5,งานสินค้า
review_163,5,positive
review_163,5,ขอบคุณครับสำหรับให้คะแนน
review_163,4,สนุกสนานเพลิดเพลิน
review_163,5,positive
review_163,5,positive
review_163,5,ขอวคุณครับ
review_163,4,positive
review_163,5,positive
review_163,5,positive
review_163,5,positive
review_163,5,positive
review_163,5,positive
review_163,5,ขอบคุณมากครับ
review_163,4,positive
review_163,3,positive
review_163,4,positive
review_163,5,positive
review_164,5,"""วันนี้มาลองกาแฟร้านใหม่ #NLCOFFEE รังสิต ชอบมากกกกก ☕️✨ กาแฟหอม เข้มข้นกำลังดี บรรยากาศร้านก็ดี นั่งทำงานสบายๆ มีมุมถ่ายรูปสวยๆ ด้วย  สายกาแฟต้องมาลองค่ะ!"""
review_164,5,"ร้านอยู่ซอยประปา หน้าร้านมีที่จอดรถ
มีเมล็ดกาแฟให้เลือกเยอะ เหมาะสำหรับคนจะเปิดร้านกาแฟมีอุปกรณ์ครบครัน"
review_164,4,"กาแฟหอมกรุ่น มีหอมฟุ้ง หอมนุ่ม หอมเข้ม
เมนูหลากหลาย มีเครื่องชงกาแฟ และเมล็ดขาย
มีสอนชงกาแฟด้วย ใครจะเปิดร้าน
มาที่นี่ไม่ผิดหวังน้องในร้านแนะนำดีมาก."
review_164,5,"shere coffee by nlcoffee รังสิต
#กาแฟสูตรลุงรถสีถลอก"
review_164,5,สินค้าได้มาตราฐานราคาไม่แพง มีครบหมดในที่เดียว พนักงานใจดีพร้อมให้คำปรึกษา แนะนำครับสำหรับคอกาแฟและเจ้าของร้านน้ำ ร้านกาแฟต่างๆ ที่นี่ของดีแลพราคาถูกมีให้เลือกเยอะครับ ช่วยให้เราลดต้นทุนได้เยอะทีเดียว
review_164,4,มีเครื่องขายกาแฟจะหายมีบริการกาแฟในร้านบรรยากาศนั่งกินกาแฟไปเรื่อยๆพนักงานให้ความรู้เรื่องเครื่องชงกาแฟเนสกาแฟให้ดี
review_164,4,อุปกรณ์ชงกับเมล็ดกาแฟหลากหลายชนิดให้เลือกครับ พนักงานอัธยาศัยดีมากครับ
review_164,5,เป็นร้านกาแฟครบวงจรขายทั้งเครื่องชงกาแฟเมล็ดกาแฟอุปกรณ์ครบวงจร กาแฟรสชาติดีมีกาแฟตัวท็อปทั้งไทยและต่างประเทศให้เลือกอย่างหลากหลาย
review_164,1,กาแฟอร่อย เป็นลูกค้ามาเป็นปีๆทุกอย่างโอเคหมดเลย ใช้บริการครั้งล่าสุด พนักงานพูดจาไม่ค่อยแคร์ลูกค้า
review_164,1,"พนักงานพูดจาไม่ดี มีกระแทกเสียงใส่ลูกค้า
ไม่ใส่ใจลูกค้า รสชาติไม่อร่อย จืด บรรยายกาศร้านสวย"
review_164,5,"อุปกรณ์กาแฟครบ
กาแฟรสชาติดี
ราคาไม่แพง"
review_164,2,กาแฟรสชาติดีคะ (แต่พนักงานดูไม่ค่อยสนใจลูกค้าคือไม่มีความใส่ใจลูกค้าคะ)
review_164,5,กาแฟแม่จันใต้ของ NL Coffee มีกลิ่นหอมเฉพาะตัวกว่ายี่ห้ออื่น ราคาก้อไม่แพงครับ อุปกรณ์กาแฟมีให้เลือกเยอะด้วยแวะไปชมไปชิมได้ครับ ร้านอยู่ซอยด้านข้าง รพ.ปทุมเวชครับ
review_164,5,กาแฟอร่อย ร้านสวย บริการให้ข้อมูลดีมากค่ะ
review_164,5,"เป็นทั้งร้านกาแฟ จำหน่ายอุปกรณ์ทำกาแฟ และเป็นแหล่งสอนกาแฟให้กับผู้ที่สนใจ กาแฟดี บรรยากาศดี

All in one stop service, Cafe, Coffee instrument and Coffee school"
review_164,3,สิ่งที่มาซื้อก็คือน้ำผลไม้เข้มข้นยี่ห้อ sun up หาซื้อยากมากมีที่นี่ แต่ครั้งนี้ไม่มีค่ะเดินทางมาไกลเสียเวลามาก
review_164,5,กาแฟอร่อย ร้านสวย พนักงานให้บริการดี มีเครื่องชงกาแฟขายด้วย
review_164,4,กาแฟดี หอมอร่อย บรรยากาศเหมาะกับนั่งทำงาน พนักงานน่ารัก
review_164,5,ก็มาดิคับ
review_164,4,กาแฟหอมอร่อย.... มีอุปกรณ์กาแฟให้เลือกซื้อเยอะ
review_164,5,มีกาแฟแล้วก็อุปกรณ์ในการชงกาแฟและขายกาแฟครบถ้วน
review_164,5,กาแฟ อร่อย มีขายอุปกรณ์กาแฟด้วย
review_164,5,เม็ดกาแฟคั่วใหม่ หอม ไม่แพง
review_164,5,วัตถุดิบดีมีคุณภาพ
review_164,5,ราคาถูกตกแต่งร้านดี สวย
review_164,5,กาแฟอร่อยมากครับ
review_164,4,กาเเฟอร่อยราคาไม่เเพง
review_164,5,กแฟอร่อย ไม่เปรียว
review_164,3,ไม่มีขนมขาย
review_164,5,กาแฟหอมมาก
review_165,5,เป็นร้านที่ตกแต่งได้สวยออกแนวๆยุโรป ร้านเล็กๆ แต่คุณภาพไม่เล็กเลย อาหารอร่อย ทำสะอาด เจ้าของน่ารักครับ ได้ฟิวเหมือนยายทำกับข้าวให้กิน  วันที่ไปสั่งผัดพริงแกงใตปลาดุกทอด ปลาดุกกรอบๆผัดเครื่องแกงใต้หอมและจัดจ้านดี อย่างที่เห็นกินหมดแทบจะเลียจาน☺️ ที่ร้านยังมีกาแฟสดด้วย ทำอร่อย เจ้าของไม่ทำให้รถเดิมกาแฟหายไป
review_165,5,"ร้านอาหารรสมือใต้ + คาเฟ่เทสดี ถนนเลียบคลองรังสิต-นครนายก ช่วงคลองหก

ร้านอาหารใต้เปิดทุกวัน, ส่วนคาเฟ่เปิด ศุกร์ เสาร์ อาทิตย์

กาแฟดี ขนมอร่อย ร้านเป็นห้องแอร์ ตกแต่งสวยฟีลวินเทจหน่อยๆ จอดรถแอบริมถนนหน้าร้านได้ประมาณ 2คัน

อยากหลบร้อน หากาแฟทาน ถนนเลียบคลองช่วงคลองหก ร้านนี้พึ่งพาได้เลย 🙂"
review_165,5,"ร้านเสน่หา คาเฟ่ มี2โซน โซนคาเฟ่ และโซนอาหารค่ะ
🥤โซนคาเฟ่เปิดวัน เสาร์ อาทิตย์และวันหยุดนักขัตฤกษ์ 9.00-17.00
🍛โซนอาหารเปิดทุกวันเลยค่ะ8.00-16.00
อาหารเป็นอาหารใต้พริกแกงสูตรทางร้านจะไม่เหมือนใครอร่อยๆค่ะ 🍛มีเค้กโฮมเมคฟินๆ🍰กาแฟหอมเข้มข้นมากค่ะ🥤
🚘มีที่จอดรถ จอดรถหน้าร้านได้เลยค่ะ"
review_165,5,"กาแฟอร่อยครับ บรรยากาศดี
บริการน่ารักเป็นกันเอง
ร้านตกแต่งสวยครับ
วันนี้ไปลองมาcaramel macchiato
75฿ คุ้มค่ากับราคาครับ"
review_165,5,"อาหารอร่อย ผัดพริกแกงใต้อร่อยมากก
ต้มยำปลากระพงน้ำข้นรสชาติแซบมาก
กาแฟอร่อย บ๊วยมะนาวใข้มะนาวสดๆอร่อยฟิน  เค้กช็อกโกแลตก็เข้มข้นอร่อยค่ะ

คาเฟ่เปิดวันพฤหัสบดี-วันอาทิตย์
ร้านอาหารเปิดทุกวันนะคะ"
review_165,4,ที่จอดค่อนข้างหายาก ต้องจอดริมถนน ร้านเงียบมาก บางส่วนไม่เปิดให้ใช้งาน โซนคาเฟ่ เหมือนไม่เปิด ไม่มีแอร์ แต่ทานอาหารได้ ทำทีละจาน ค่อนข้างนาน อาหารใต้ทำได้รสชาติดี วัตถุดิบดี ปริมาณ ราคา พอดีกัน ไม่แพง อิ่มกำลังดี
review_165,5,"คาเฟ่น่ารักๆ ขนาดย่อม อารมณ์นั่งอยู่ในป่าล้อมรอบด้วยต้นไม้ที่ร่มรื่น เจ้าของร้านเป็นกันเอง

เครื่องดื่มแนะนำให้ลอง เท่าที่ลองคือดีทุกเมนูเลย มีความพิถีพิถันในการทำแต่ละแก้ว

ของคาวเป็นอาหารใต้รสจัดจ้านไม่เผ็ดเกินไป อร่อย พริกแกงที่ใช้เป็นพริกแกงใต้ตำเอง ถือว่าเด็ด

จอดรถได้หน้าร้านและริมถนน ถ้าคนเยอะอาจจะจอดลำบากหน่อย"
review_165,4,ร้านกาแฟ ร้านอาหาร เจ้าของตั้งใจ คั่วกาแฟเอง บ้านๆอร่อยดี
review_165,4,บรรยากาศดี ขนมอร่อย โกโก้เข้มข้น น้องที่ไปด้วยกันบอกมะพร้าวมัคคิอาโต คาลาเมล อร่อยมากจ้า  แต่น่าจะช่วงโควิท ร้านเลยปิดบางส่วนไม่สามารถเข้าไปใช้บริการได้
review_165,3,กาแฟอร่อยมาก ถูกคอ บรรยากาศร่มรื่น
review_165,5,"อาหารใต้เครื่องแกงจัดว่าเด็ด อร่อยทุกเมนู ใครชอบอาหารใต้เครื่องแกงแน่นๆ แนะนำให้มาลองนะ
ส่วนเครื่องดื่มรสชาดดีไม่แพ้กัน
บรรยากาศร้านไม่ต้องพูดถึง ร่มรื่น มุมถ่ายรูปเกร๋ๆ เยอะแยะ ไปตำกันนะทุกคน"
review_165,5,ร้านบรรยากาศดีร่มรื่น อาการอร่อย กาแฟเข้มไปเค้กก็รสชาติดี แม่ค้าน่ารักบริการดี
review_165,5,ร้านเล็กๆจอดรถแอบๆบนถนนริมคลอง ต้นไม้เต็มร้าน ไม่ได้กว้างนัก แต่ก็มีหลายมุมทั้งด้านบนและด้านล่าง มีอาหารตามสั่งด้วยค่ะ กาแฟสดอเมริกาโนหอมๆ ชาเข้มฝาดเล็กๆเพราะเป็นชาแท้ๆ แยกชั้นสวยๆ สแกนจ่ายได้นะ ราคาตามเมนูเลยจ้า
review_165,5,"ข้าวคั่วกลิ้งเนื้อแซ่บลืมมากกกกค่ะ ถึงเครื่องถึงพริกแกง
ส่วนกาแฟ มีโอกาสได้ลองมะพร้าวมัคคีอาโต้คาราเมล อร่อยมากๆๆๆๆ
บรรยากาศร้านก็ร่มรื่น เจ้าของร้านสวยเป็นกันเอง
มีโอกาสผ่านไปทางนั้น จะกลับไปซ้ำอีกแน่นอนค่ะ
แนะนำๆๆๆๆ"
review_165,5,ร้านเล็กๆแต่บรรยากาศดี มุมถ่ายรูปเยอะดี คุณป้าน่ารักเป็นกันเองครับ
review_165,5,"อร่อยมากๆค่ะ
ต้องไปอีกแน่นอน"
review_165,5,"บรรยากาศดี อาหารอร่อยมากก
เครื่องดื่มมีเลือกเยอะ และ บริการดีมากๆ แนะนำๆ"
review_165,5,แวะครั้งแรก ทานกาแฟ ลาเต้เย็น กะ เอสเย็น หอม อร่อย + บลูเบอร์รี่ชีสเค้ก รสชาติอร่อย ถูกใจ  ไม่ทัน ทานเกือบหมดเลย
review_165,4,ร้านนี้อยู่ริมคลองรังสิต พอดีหาร้านกาแฟเลยหาใน google map. ดู ขับมาเรื่อยๆ เจอต้นไม้เยอะก่อน. พอเข้ามา เราชอบที่นี่ดูเงียบๆดี พอดีไปวันธรรมดา กาแฟก็ดี  ไปวันแรกฝนตกเลยติดฝน อยู่ยาวๆ ข้างๆร้านมีอาหารให้ทานด้วยนะ เป็นตามสั่งผัดไทย รอบหน้าคงจะไปลองอีก ามีโอกาสไปนะ
review_165,5,กาแฟดี ขนมมีให้เลือกหลากหลาย แต่ที่จอดรถน้อยไปหน่อย
review_165,5,แม่ค้าน่ารักเป็นกันเอง ชวนคุย แนะนำเมนู ร้านน่ารัก กาแฟ สมูธตี้ พั้นซ์มิกซ์ อร่อยยยย
review_165,5,ก่อนอื่นให้ 5 ดาวก่อนเลยค่ะร้านนี้ นอกจากดีงามเนื่องบรรยากาศแล้ว การบริการ อาหารดื่ม และเบเกอรี่แล้ว ใดๆคือเจ้าของร้านสวยมากค่ะ เบเกอรี่คืออร่อยกว่าร้านในห้างหลายร้าน ใส่ใจในการทำ รสชาดพอดี ละมุนไปหมด กาแฟก้อละมุนไม่ขมไปหมดทุกเมนูค่ะ
review_165,5,"พริกแกงใต้
บรรยากาศ ชิลๆ"
review_165,1,ร้านกาแฟไม่เปิด พนักงานก็ไม่บอกอะไรเลย นั่งกินข้าวคุยกันเฉยเลย ไม่สนใจลูกค้า จนแม่ครัวต้องเดินมาถามเองว่าจะเอาอะไร
review_165,5,อาหารรสชาติดี สะตอกุ้งตัวอวบกุ้งเยอะ หอม.  ป้าน่ารักมากบริการดี มีผักแกล้มให้ด้วย. วันนี้โซนคาเฟ่ปิด คราวหน้าต้องมาลอง.
review_165,1,ร้านไม่พร้อมก็ไม่ควรรับลูกค้า เราดูรีวิวแล้วอยากไปทานมาก พอไปมันใช่อย่างที่คิดเลย ร้านกาแฟไม่เปิด เปิดแต่อาหาร เราไปคือลูกค้าโต๊ะแรก เป็นการนั่งรออาหารที่นานสุดๆ ไปถึงร้านตั้งแต่11.30 คุณป้าบอกว่ารอแปบนะขอผัดข้าว 2 กล่อง เราก็ไม่อะไรรอได้ ผ่านไปครึ่งชม. ถือข้าวออกมาส่งไรเดอร์ 5 กล่อง เราก็เอ๊ะไหนบอก 2 กล่อง ก็ไม่ได้อะไร ก็รอต่อไปคิดว่าเดี๋ยวคงได้เพราะแกทำคนเดียว สัก5นาที ไรดอร์คนที่2 มา แกก็ออกมาถามไรเดอร์ว่ามีอะไรบ้างนะ แล้วก็หันมาบอกเราว่าแปบนึงนะทอดปลากับต้มไก่อยู่ เราก็รอ จนผ่านไปอีกครึ่งชม. เราก็ลุกไปดูถามว่าคุณป้าได้รึยังค่ะ แกบอกใกล้แล้วๆ แต่สิ่งที่เราเห็นคือ ข้าวกล่องไรเดอร์คนที่ 2 เตรียมใส่กล่องจะเสร็จแล้ว ส่วนของเราได้แค่ไก้ต้มขมิ้นที่เทใส่ถ้วยไว้ยังไม่ได้มาวางที่โต๊ะ ซึ่งเราก็โมโหมากนะ รอมา ชม. แล้ว ไม่ได้ทานข้าว แล้วมาบอกเราว่าใกล้แล้วๆ เราเลยบอกงั้นที่เหลือยกเลิกเลยค่ะ เอาแต่ต้มใส่ถุง กับปลาทูที่ทอดไว้โดยยังไม่มีเครื่องแก เราก็รอแกทำให้เสร็จเพราะเราสั่งปลาทูทอดขมิ้น แต่แกผัดคั่วกลิ้งเนื้อค้างอยู่ จนเราบอกพอแล้วค่ะเอาแค่นี้ ไม่รอแล้วค่ะ ใส่ถุงเลย แล้วคุณป้าก็ผัดเครื่องขมิ้นกับปลาทูให้ต่อ สรุปเรารอ ชม.กว่าได้มาแค่ ไก่ต้มขมิ้น ปลาทูทอดขมิ้น คั่วกลิ้งเนื้อ ถ้าไม่เร่งก็ช้าไปอีก แถมคุณป้ายังมาบอกเราอีกว่า ป้าไม่ได้ลัดคิวไรเดอร์นะ ไรเดอร์มาก่อน เราบอกว่าไรเดอร์มาทีหลังค่ะ หนูเห็นทุกอย่าง คือเราเสียความรู้สึกมากนะ ตอนแรกบอกเรารอก่อนนะ ผัดข้าว 2 กล่อง ออกมา 5 กล่อง เวลาผ่านไปข้าวก็ยังไม่มา แต่ไรเดอร์คนที่2 กลับได้อาหารก่อน แล้วพอถึงบ้านลองทาน รสชาติอาหารก็ธรรมดา เราคนกินอาหารใต้เครื่องแกงมันต้องจัดกว่านี้อะ รสไม่กลมกล่อม เสียทั้งเวลาเสียทั้งความรู้สึก เป็นการรอ ชม.กว่า ที่ไม่มีอะไรดีเลย
review_165,5,ร้านไม่ใหญ่มากนะคะ แต่กลับรู้สึกว่านั่งอยู่ในสวนใหญ่ร่มรื่น กาแฟอร่อย เค้กใช้ได้ แต่แม่ค้าแอบสวยไปหน่อยนะคะ 🥰
review_165,5,อาหารอร่อยมาก ให้เครื่องเทศแน่นมากรสชาติกำลังดี ปลาไม่คาว ต้ำตำน้ำข้นอร่อยมาก เค้กของทางร้านก็รสชาตดี บรรยากาศร่มรื่นนมาก
review_165,4,ไปดื่มชาเขียวปั่นและเค้กรสชาติอร่อยมากแล้วก็ไปรับประทานอาหารปักษ์ใต้รสเด็ดบ้านเรารับรองการันตีว่าหรอยมากๆค่ะ
review_165,1,เป็นประสบการที่แย่มากครับ สำหรับคนที่หลงไปเจอร้านแบบผม ป้าทัศนคติไม่ดีเลยคับ
review_165,5,บรรยากาศร้านดี น่านั่ง สบายผ่อนคลาย อยากนั่งอยู่ที่ร้านนานๆ เครื่องดื่มอร่อย
review_165,5,"อาหารใต้อร่อยมาก ^0^ ติดใจจนต้องซื้อเครื่องแกงที่ร้าน ลองไปทำเองบ้าง ^.^
เครื่องดื่มอย่างดี ราคาไม่แพง \^.^/"
review_165,5,บรรยากาศดี น้ำผึ้งมะนาวอร่อยชุ่มคอ
review_165,5,อาหารอร่อยบริการดีสุดๆค่ะ ประทับใจสุดๆ ใครไม่เคยมาต้องมาเพราะบรรยากาศสุดๆ
review_165,5,อาหารอร่อย กาแฟเข้มข้น ที่จอดรถลำบากหน่อยถ้าเป็นรถยนต์ แต่บรรยากาศดีมาก
review_165,5,เค้กอร่อยมาก ร้านร่มรื่น
review_165,5,ร้านลับๆ กาแฟ อาหาร อร่อยมากครับ
review_165,5,บรรยากาศร่มรื่น ราคาไม่แพง รสชาติอร่อยคับ
review_165,1,ปิด เวรเอ้ย!! ขับรถมาตั้งไกล ใน Google บอกเปิด
review_165,4,"กาแฟอร่อยเช่นเคย
อาหารรสมือคนใต้ที่ดี"
review_165,5,น้ำผลไม้ปั่นอร่อยมากกกกก
review_165,5,ร้านสวย
review_165,5,กาแฟอร่อย 😋 …
review_165,5,อาหารอร่อยมากครับ
review_165,4,พบไมตรี ดีเครื่องดื่ม
review_165,4,รสชาติเข้มข้นดี
review_165,5,แม่ค้าน่ารัก
review_165,5,ขอบคุณค่ะ
review_165,5,💖🥰🙏 …
review_165,5,ขอบคุณ
review_165,5,💖🥰🙏 …
review_165,5,ขอบคุณค่ะ
review_165,4,positive
review_165,5,ขอบคุณสำหรับรีวิวค่ะ
review_165,3,ขอบคุณค่ะ
review_165,5,ขอบคุณสำหรับรีวิวค่ะ
review_165,4,ขอบคุณค่ะ
review_165,5,ขอบคุณค่ะ
review_165,5,ขอบคุณค่ะ
review_165,5,ขอบคุณค่ะ
review_165,5,ขอบคุณค่ะ
review_165,5,ขอบคุณค่ะ
review_165,1,ขอบคุณค่ะ
review_165,5,🙏💖🥰 …
review_165,5,💚❤️💙 …
review_165,5,💖💖 …
review_165,5,💖💖 …
review_165,5,💖💖 …
review_165,2,💖 …
review_165,5,💖💖 …
review_165,4,🙏💖🥰 …
review_165,4,ขอบคุณค่ะ
review_165,4,ขอบคุณค่ะ
review_166,5,ลูกชอบไอศครีมมัทฉะที่นี่มากๆค่ะ น้องพนักงานพูดเพราะมากกกก บริการดีมาก จนเราเกรงใจเลย รักษามาตรฐานไว้นะคะ service mindมากๆเลยดีงาม❤️🙏
review_166,5,"มาตามหาๆอศครีมให้ลูกได้ลองกิน มาเจอร้านนี้ที่มีชื่อว่า ""OwlVee Soft"" เป็นร้านขายเครื่องดื่มและไอศครีมรสชาติต้างๆ มีให้เลือกมากมายหลายราคา เริ่มต้นที่โคนละ 39.- บาท แบบถ้วย เริ่มต้นที่ 85.- บาท

บรรยากาศร้าน หน้าร้านตกแต่งดี เมนูเยอะมาก ราคาชัดเจน มีโต๊ะนั่งด้านข้างร้าน 3 โต๊ะและแบบบาร์ยาว 3-4 ตัว เราเบือกนั่งทานในร้าน เพราะฟินดี ไม่รีบ

เมนูที่สั่ง
** Hokkaido Milk Brown Sugar Golden Pearls ไซต์ M ถ้วยละ 105.- บาท

รสชาติและคุณภาพ
เราสั่งนมฮ็อกไกโด มีท้อปปิ้งเป็นวาฟเฟิลและบราวน์ชูก้า ตัวนมที่ปั่นเป็นไอศครีมรสชาติพอได้ ชอบตรงบราวน์ชูก้าที่เป็นไข่มุก นุ่มมาก เคี้ยวเพลินเลย ส่วนวาฟเฟิลที่เป็นแคร๊กเกอร์ เด็กน่าจะชอบ ส่วนตัวไม่ชอบ ไม่อร่อย

ภาพรวมสำหรับถ้วยนี้ เป็นไอคกรีมที่ค่อนข้างละลายเร็วมาก และถ้วยเล็กไปหน่อยเมื่อเทียบกับราคาหลักร้อยนะ ส่วนพนักงานบริการดีมากๆเลยคะ

#Wongnai2024"
review_166,3,มีพนักงานคนเดียวตอนที่ไปสั่ง แต่ก็ไม่ได้มีลูกค้าคนอื่นเลย คิดเงินช้า ทำเครื่องดื่มช้าาาา ไม่ใช่ว่าไม่คล่อง แต่ช้าาา ทำไปเก็บของไป น้ำองุ่นปั่น1แก้ว ใช้เวลา10นาที งงมากนะะะ
review_166,5,บริการดีแว่นดีมีคุณภาพ ได้รับบริการจากคุณมาย
review_166,1,Salt caramel ดูแล้วน่าจะอร่อย แต่พอกินแล้ว #ไม่อร่อยอย่าแดก แต่รสชาเขียวพอได้อยู่ๆ
review_166,5,ลองสั่งชานมร้านนี้   รู้สึกชอบนะ ชาเน้นๆ กลิ่นชาหอมมาก สั่งหวานน้อยก็รู้สืกพอดี และมีกลิ่นหอมน้ำตาลทรายแดง ไม่ใส่ไข่มุกราคา45บาท คุ้มค่ามาก รสชาตใส่นมสด ไม่เน้นครีมเทียม ดีต่อสุขภาพค่ะ
review_166,4,ชาไข่มุกbrown sugar อร่อยสุดๆ ไข่มุกหนุบๆ ฟินเวอร์
review_166,5,พวกเขามีมัทฉะที่อร่อยจริงๆที่นี่ ลองไอศกรีมโคน Uji Matcha สิ! มีรสชาติหวาน-ขมของมัทฉะที่น่าอัศจรรย์และเพียงพอ แนะนำมาก
review_166,4,ซอฟท์ครีมรสวานิลลาก็โอเค หวานเย็นเล็กน้อยทำให้ใจละลาย มีหลายรสชาติให้ลอง
review_166,5,คนรักมัทฉะต้องลอง Uji Soft เสิร์ฟ 🐱 …
review_167,5,"บรรยากาศดี (ปลายธันวาคม) เมนุอาหารหลากหลายมากกกกก รสชาติดี ไปซ้ำได้ พนักงานเต็มใจบริการ ร้านไม่ใหญ่มาก แต่รองรับลูกค้าได้เยอะ และแต่ดูมีกิจกรรมให้ทำ

🍕พิซซ่ากินตอนร้อนๆ แป้งกรอบ ชอบมากๆ"
review_167,3,"ไปมาเมื่อวันอังคาร 17ธค. 67
ช่วงเวลาประมาณ 16.00น.
คิดว่าแดดจะร้อนมาก แต่ก็ไม่ร้อนเท่าที่คิด
เพราะมีต้นไม้ที่ให้ร่มเงาได้เยอะ

พนง.น่ารัก รีบมาต้อนรับดีมาก
มีที่สแกนสำหรับสั่งอาหารได้เอง

อาหารรอไม่นาน ส้มตำเผ็ดมากก
คอหมูย่างดูมีมันเยอะ และสีจืดชืดไปหน่อย
ส่วนตัวพิซซ่านั้น อร่อยสมคำร่ำลือ
แต่นั่งไปต้องคอยปัดแมลงวันไป
แมลงวันไม่มาก แต่ก็พอมีให้ได้แกว่งมือไปมา

ตอนใกล้จะกลับ มีต่างชาติเข้ามานั่งโต๊ะใกล้ๆเรา และสูบบุหรี่ด้วย
เราคิดว่าไม่ควรให้ลูกค้าสูบบุหรี่ที่โต๊ะแบบนี้
เพราะจะทำให้รบกวนบุคคลอื่น

ห้องน้ำมีแค่2ห้อง ไม่มีทิชชู่
ด้านในไม่ค่อยสะอาดเท่าไหร่

บรรยากาศโดยรวมก็ถือว่าดี
ร้านพื้นที่เล็กๆ อบอุ่น
ถ้ามากลางคืนคงจะได้ฟีลไปอีกแบบ"
review_167,3,"**ปล.ก่อนอื่นเลยอยากให้ปรับปรุงเรื่องการออกอาหารอย่างแรกและอย่างเดียว อาหารแต่ละรายการออกค่อนข้างจะนานพอสมควร**

ส่วนอาหารจัดว่าดีถึงอร่อยเลยครับ
พิซซ่าพอดีคำแป้งบาง ตามรีวิว
ปลาหมึกผัดไขเค็ม ให้คุ้มคุณภาพครับ อันนี้ขอชม
น้องๆบริการดีมากๆครับโดยเฉพาะคนเสริฟ
บรรยากาศเต็ม 10 ให้สิบ ด้วยครับ"
review_167,5,มาถึงนั่งพักสักแปบ พนักงานส่งเมนูอาหารมาให้เลือกสั่งผ่านสแกนคิวอาร์โค้ดคือดีชอบๆๆ อาหารอร่อย พิซซ่าเด็ด สลัดเด็ด น้ำสลัดก็เด็ดไม่แพ้กัน บริการดี บรรยากาศดีมาก ไม่ร้อนเลย มีลมพัดอ่อนๆ ตลอดเวลา
review_167,3,พิซซ่าคืออร่อย ส่วนอย่างอื่นคือบ่อดั้ยเลย สั่งส้มตำมา แคปหมูคือเหนียวมากกกกกกกก รสชาติอาหารยังไม่ถูกจริตเท่าไหร่ ไม่แซ่บ ไม่นัว  เฟรนฟรายก็คือทอดมาอมน้ำมันสุดๆ อยากให้ปรับปรุงเรื่องอาหาร  ทั้งร้านที่อร่อยยอมรับเลยคือพิซซ่า  ส่วนการบริการยังไม่เท่าไหร่ กลางๆ  แต่ก็ไม่ได้แย่  บรรยากาศร่มรื่นดี ใช้ได้ไม่แย่
review_167,4,"ร้านอยู่ลึกหน่อย พิกัดตรง

บรรยากาศการตกแต่งน่ารัก สไตล์บ้านไร่

อาหารหลากหลาย ได้ลองพิซซ่า ถือว่าอร่อย และราคาโอเค

พนักงานสุภาพ

จอดรถหลังร้าน"
review_167,4,"ตั้งใจมากินพิซซ่า เลือกหน้าอยุ่นาน ถ้าหน้าฮาฟเพิ่ม 30 บาท
ปรากฏว่าตรงเตาอบ พนง.ร้านบอกแป้งหมด แต่น้องเด็กเสิร์ฟไม่ทราบ ขายจริงจัง 😅 แต่สงสารมีคนเดียวทั้งร้าน โหดอยุ่ แต่น้องขยัน ความจำดี แค่ไม่ทันแค่นั้น อาหารหลายอย่าง แต่เหมือนเมนูจะหนักไปทางสายอีสาน ทำไมทำมาได้กินอาหารอีสาน ส้มตำกุ้งสะดุ้งใส่แคปหมูนัวปลาร้าดีค่ะ ไม่เผ็ดมาก แต่ตำหอยแครงเผ็ดกว่า ตับหวานดีแต่ติดขมดี เสือร้องไห้ไม่ได้ย่างเปนงานจี่กระทะแต่ก้อเนื้อดีทานได้ สั่งระดับความสุกได้ค่ะ ภาพรวมร้านไม่ใหญ่ ตัวร้าน1ไร่ ที่จอดด้านหลังประมาณ1ไร่ เลยไม่มีจุดขายหรือวิวเท่าไหร่ เก้าอี้และโต๊ะถ้าแบบเตี้ยจะเมื่อยและกินยากหน่อย แนะนำโต๊ะสุง(พอดีไปแล้วเต็ม)"
review_167,4,"คาเฟ่และร้านอาหารสไตล์ฟาร์มขนาดย่อมไซส์มินิ พื้นที่จัดได้ลงตัวกระชับน่ารักกำลังดี

เด็กๆ สามารถสนุกกับการทำพิซซ่าเองได้ โดยทางร้านจะเตรียมแป้งและวัตถุดิบสำหรับหน้าที่เด็กๆ เลือกไว้ พิซซ่าที่ทำแป้งและซอสรสชาติดีเลย เป็นการอบพิซซ่าเตาดิน

ทางร้านยังมีเครื่องดื่ม และเมนูอาหารหลากหลายให้เลือกสั่ง ทั้งอาหารไทยและอีสาน

เสือย่าง (เสือร้องไห้) เนื้อย่างมานุ่มกำลังดี
กระดูกอ่อนหมูทอดกระเทียมมาในแบบชุบแป้งทอด ก็อร่อยไปอีกแบบ
ตำหลวงพระบาง เส้นมะละกอบางและแผ่นใหญ่กำลังดี รสชาติจัดจ้านมาก แต่ติดเค็มไปซะหน่อย
ต้มแซ่บปลากด รสชาติจัดจ้านอร่อย แต่ก็จะติดเค็มไปหน่อยเช่นกัน กินกับข้าวถึงจะกำลังดี

นมเย็นกับชาเย็นสั่งแบบหวานน้อย รสชาติใช้ได้เลย

ทางร้านมีที่จอดรถให้ด้านใน"
review_167,4,"เจอในเฟซ ไม่ไกลบ้านเลยลองไปดู ร้านตกแต่งโอเค ต้นไม้เยอะร่มรื่น บรรยากาศสบายๆ น่านั่ง
อาหารดูดี ดูสะอาด รสชาติใช้ได้นะ
ที่จอดรถเยอะ
พนักงานผู้หญิงทำงานเหมือนเพิ่งมาทำงาน ไม่รู้จักเมนูหลายอย่าง สั่งแล้วลืมจดก็มี สั่งเครื่องดื่ม (เบียร์กับน้ำเปล่า) ก็ต้องตามถาม น้องผู้ชายดูตั้งใจทำงานแต่อาจยังไม่คล่องมาก
แต่ที่ไม่ถูกใจจริงๆ คงเป็น แมลงวัน เยอะมากจนไม่สามารถนั่งกินนานๆ ได้ ต้องรีบกินและห่อบางอย่างกลับบ้าน ไม่รู้ว่าทางร้านจะแก้ไขอะไรได้บ้าง
ครั้งนี้ขอให้ 3.5 ดาวครับ"
review_167,4,"อาหารค่อนข้างอร่อยนะ  ส้มตำ( แต่ตำน้อยไปหน่อย พริกยังไม่แตก มะนาวยังไม่บีบ)  ตับหวาน  ลิ้นย่าง พิซซ่า
สภาพร้านโปร่งๆ โล่งสบาย ดูน่านั่ง เสียตรงที่แมลงวันเยอะมาก มากแบบทานอาหารไม่เป็นสุขเลย  กลัวกินมันเข้าไปด้วย
ต้องรีบๆกินรีบไป
‼️ควรต้องหาทางไล่หรือดักแมลงวันให้ดี

ที่สำคัญพนักงานที่ร้านทำงานกันไม่เป็นเลย เด็กผู้หญิงที่คนรับออเดอร์ถามอะไรก็ไม่รู้ๆ  สั่งน้ำสั่งเบียร์ สั่งไปตั้งนานก็ไม่เอามาเสริฟ ทั้งที่ก็เสริฟง่ายๆ ลูกค้าน้อย  ออเดอร์ที่จดไปก็ลืม  ต้องตาม ควรดูพนักงานด้วยว่าถ้าทำงานกันแบบนี้  อร่อยแค่ไหนคนจะไม่มากินซ้ำ"
review_167,5,ร้านสวย บรรยากาศดีมากกก อาหารอร่อย ราคาไม่แรง มีมุมถ่ายรูปสวย สไตล์ธรรมชาติแถวรังสิตคลองสี่  เป็นคาเฟ่ที่เปิดถึงกลางคืนเลย แนะนำน้องมาค่ะ💕 …
review_167,5,"ครั้งแรกก็ถูกใจทุกอย่างเลย
ใกล้บ้านด้วยค่ะ"
review_167,5,"มาร้านนี้ ต้องสั่งพิซซ่าเตาถ่านมาลองทานกันนะ
บางกรอบ อร่อย ถูกใจเลย
มี 3 ขนาดให้เลือก ~ เราสั่ง 9 นิ้ว มาทาน
ราคา 199 .-
- เครื่องดื่มสดชื่น ชื่นใจดีเลยนะ
- ตำด้องแด้งกุ้งสุก ก็โอเค (เพิ่งทานครั้งแรก
เราไม่ชอบเส้น อยากลอง 55+)
- นมหมูทอดเหนียวไปนิด
- แกงคั่วหอยขม
(หวานไปหน่อย...เคี้ยวแล้วทรายๆกึ๊ดๆทุกคำเลย)

🍃🍂บรรยากาศร้านดีเลย ลมโชยๆ แนะนำไปช่วงบ่ายๆๆๆจะดีเลยนะ
🤩พนักงานบริการดี"
review_167,5,พิซซ่าเตาถ่านบรรยากาศดีงามสงบ อาหารอีสานนัวเลย ใครชอบชูรสนัวๆเรียนเชิญ
review_167,3,เห็นด้วยกับหลายๆรีวิว เรื่องการออกอาหาร ต้องทวงต้องตามเพราะกลัวลืม สลัดผักที่ทำง่ายๆ มาทีหลังพิซซ่าที่ต้องใช้เวลาอบ  บรรยากาศถือว่าเป็นร้านลับได้ เพราะอยู่กลางทุ่งนาริมคลองแอน คลองสามรังสิต คลองหลวง พิซซ่าใช้ได้ แป้งบางกรอบหน้าเยอะใช้ได้ กาแฟใช้ได้ เมนูเยอะหลากหลาย  มีกิจกรรมนวดแป้งพิซ่า แต่งหน้าเอง กิจกรรมวาดภาพกระเป๋าผ้าสำหรับเด็กๆ และกิจกรรมอื่นๆ ราคาสมเหตุสมผล มาวันธรรมดา เงียบๆ เสาร์ อาทิตย์ลูกค้าน่าจะเยอะ ช่วงนี้แห้งแล้งไปนิด พนักงานว่างๆ มารดน้ำต้นไม้บ้างก็ดี
review_167,4,พิซซ่าอร่อย อาหารอร่อยแต่ปริมาณน้อยไปนิด เด็กเสิร์ฟทำหน้าที่ได้ดี  อาหารออกเร็ว รอไม่นาน มีกาแฟและน้ำอื่นๆขายด้วย บรรยากาศสบายดี เคยอ่านรีวิวว่าแมงวันเยอะ แต่ตอนไป ไม่ค่อยเจอ .
review_167,5,เป็นร้านเล็กๆเลียบคลอง 3ทุกอย่างดีหมดครับร้านเล็กๆน่ารักบรรยากาศดีมากเหมาะสำหรับครอบครัวไฮไลท์เด็ดที่สำคัญให้เด็กๆทำหน้าพิซซ่าได้เอง
review_167,3,บรรยากาศไม่ค่อยตรงกับที่ดูๆมา ถึงร้านแอบผิดหวังเล็กๆ
review_167,4,บรรยากาศธรรมดาพิซซ่าอร่อยอย่างอื่นก็รสชาติใช้ได้ครับแต่ก็ไม่ประทับใจเท่าพิซซ่า
review_167,5,อาหารอร่อย ราคากลางๆไม่แพงมาก ชอบพิซซ่าเตาถ่านอร่อยกรอบหอม
review_168,5,เป็นร้านกาแฟที่ใช่กาแฟที่ปลูกเอง คั่วเอง  ที่จังหวัดตาก   นำมาจำกน่ายให้ลูกค้า ทั้งแบบคั่ว และคั่วบด   ปรับความเข้มของกาแฟ ตามใจ ลูกค้าได้
review_169,3,positive
review_169,3,positive
