name,lat,long,url,rating,comment,sal1,sal2,id_open_close_main,id_customer_main,id_option_main,id_review_main,zone,distance_rangsit,distance_khlong_rangsit,distance_lak_hok
Cafe Mikka มหาวิทยาลัยรังสิต,13.964464,100.5868694,"https://www.google.com/maps/place/Cafe+Mikka+%E0%B8%A1%E0%B8%AB%E0%B8%B2%E0%B8%A7%E0%B8%B4%E0%B8%97%E0%B8%A2%E0%B8%B2%E0%B8%A5%E0%B8%B1%E0%B8%A2%E0%B8%A3%E0%B8%B1%E0%B8%87%E0%B8%AA%E0%B8%B4%E0%B8%95/@13.9652902,100.5830658,15z/data=!4m10!1m2!2m1!1z4Lih4Lir4Liy4Lin4Li04LiX4Lii4Liy4Lil4Lix4Lii4Lij4Lix4LiH4Liq4Li04LiVIOC4hOC4suC5gOC4n-C5iA!3m6!1s0x30e281371fc33a5d:0xe3d8b9a783f2bb7!8m2!3d13.964464!4d100.5868694!15sCkPguKHguKvguLLguKfguLTguJfguKLguLLguKXguLHguKLguKPguLHguIfguKrguLTguJUg4LiE4Liy4LmA4Lif4LmIIgOIAQFaRiJE4Lih4Lir4Liy4Lin4Li04LiX4Lii4Liy4Lil4Lix4LiiIOC4o-C4seC4h-C4quC4tOC4lSDguITguLLguYDguJ_guYiSAQRjYWZlqgHFAQoNL2cvMTFma3l5YzVqahABKkgiROC4oeC4q-C4suC4p-C4tOC4l-C4ouC4suC4peC4seC4oiDguKPguLHguIfguKrguLTguJUg4LiE4Liy4LmA4Lif4LmIKDUyHhABIhqYIgqdwsl5OeyenBO6EPzH8SpJvqEBE066DjJIEAIiROC4oeC4q-C4suC4p-C4tOC4l-C4ouC4suC4peC4seC4oiDguKPguLHguIfguKrguLTguJUg4LiE4Liy4LmA4Lif4LmI4AEA!16s%2Fg%2F11qm36p8s_?entry=ttu&g_ep=EgoyMDI1MDUwNy4wIKXMDSoJLDEwMjExNDU1SAFQAw%3D%3D",3.0,4.0,,,oc_300,ci_300,option_300,review_300,rakhok,3.015378877921642,2.2322219407841155,0.6262576281038473
สภาเครป@ม.รังสิต,13.9653113,100.589619,"https://www.google.com/maps/place/%E0%B8%AA%E0%B8%A0%E0%B8%B2%E0%B9%80%E0%B8%84%E0%B8%A3%E0%B8%9B@%E0%B8%A1.%E0%B8%A3%E0%B8%B1%E0%B8%87%E0%B8%AA%E0%B8%B4%E0%B8%95/@13.9652902,100.5830658,15z/data=!4m10!1m2!2m1!1z4Lih4Lir4Liy4Lin4Li04LiX4Lii4Liy4Lil4Lix4Lii4Lij4Lix4LiH4Liq4Li04LiVIOC4hOC4suC5gOC4n-C5iA!3m6!1s0x30e2810522a3d5cb:0x582a00c02c0249a5!8m2!3d13.9653113!4d100.589619!15sCkPguKHguKvguLLguKfguLTguJfguKLguLLguKXguLHguKLguKPguLHguIfguKrguLTguJUg4LiE4Liy4LmA4Lif4LmIIgOIAQGSAQpyZXN0YXVyYW50qgHFAQoNL2cvMTFma3l5YzVqahABKkgiROC4oeC4q-C4suC4p-C4tOC4l-C4ouC4suC4peC4seC4oiDguKPguLHguIfguKrguLTguJUg4LiE4Liy4LmA4Lif4LmIKDUyHhABIhqYIgqdwsl5OeyenBO6EPzH8SpJvqEBE066DjJIEAIiROC4oeC4q-C4suC4p-C4tOC4l-C4ouC4suC4peC4seC4oiDguKPguLHguIfguKrguLTguJUg4LiE4Liy4LmA4Lif4LmI4AEA!16s%2Fg%2F11f76xyl0v?entry=ttu&g_ep=EgoyMDI1MDUwNy4wIKXMDSoJLDEwMjExNDU1SAFQAw%3D%3D",5.0,2.0,,,oc_301,ci_301,option_301,review_301,rakhok,2.8508190635366115,1.998873968650054,0.3156740946815521
Decons cafe,13.9656101,100.5861424,"https://www.google.com/maps/place/Decons+cafe/@13.9652902,100.5830658,15z/data=!4m10!1m2!2m1!1z4Lih4Lir4Liy4Lin4Li04LiX4Lii4Liy4Lil4Lix4Lii4Lij4Lix4LiH4Liq4Li04LiVIOC4hOC4suC5gOC4n-C5iA!3m6!1s0x30e281e903719a55:0xad68536487d4e972!8m2!3d13.9656101!4d100.5861424!15sCkPguKHguKvguLLguKfguLTguJfguKLguLLguKXguLHguKLguKPguLHguIfguKrguLTguJUg4LiE4Liy4LmA4Lif4LmIIgOIAQFaRiJE4Lih4Lir4Liy4Lin4Li04LiX4Lii4Liy4Lil4Lix4LiiIOC4o-C4seC4h-C4quC4tOC4lSDguITguLLguYDguJ_guYiSAQtjb2ZmZWVfc2hvcKoBxQEKDS9nLzExZmt5eWM1amoQASpIIkTguKHguKvguLLguKfguLTguJfguKLguLLguKXguLHguKIg4Lij4Lix4LiH4Liq4Li04LiVIOC4hOC4suC5gOC4n-C5iCg1Mh4QASIamCIKncLJeTnsnpwTuhD8x_EqSb6hARNOug4ySBACIkTguKHguKvguLLguKfguLTguJfguKLguLLguKXguLHguKIg4Lij4Lix4LiH4Liq4Li04LiVIOC4hOC4suC5gOC4n-C5iOABAA!16s%2Fg%2F11x77mhh11?entry=ttu&g_ep=EgoyMDI1MDUwNy4wIKXMDSoJLDEwMjExNDU1SAFQAw%3D%3D",,,,,oc_302,ci_302,option_302,review_301,rakhok,2.9182829222510787,2.1738725325013264,0.6845905874363486
Magenta Duck Coffee,13.9758787,100.5924911,"https://www.google.com/maps/place/Magenta+Duck+Coffee/@13.9652902,100.5830658,15z/data=!4m10!1m2!2m1!1z4Lih4Lir4Liy4Lin4Li04LiX4Lii4Liy4Lil4Lix4Lii4Lij4Lix4LiH4Liq4Li04LiVIOC4hOC4suC5gOC4n-C5iA!3m6!1s0x30e28193c580e09b:0xf64d1ee1aacef1df!8m2!3d13.9758787!4d100.5924911!15sCkPguKHguKvguLLguKfguLTguJfguKLguLLguKXguLHguKLguKPguLHguIfguKrguLTguJUg4LiE4Liy4LmA4Lif4LmIIgOIAQFaRiJE4Lih4Lir4Liy4Lin4Li04LiX4Lii4Liy4Lil4Lix4LiiIOC4o-C4seC4h-C4quC4tOC4lSDguITguLLguYDguJ_guYiSAQRjYWZlqgHFAQoNL2cvMTFma3l5YzVqahABKkgiROC4oeC4q-C4suC4p-C4tOC4l-C4ouC4suC4peC4seC4oiDguKPguLHguIfguKrguLTguJUg4LiE4Liy4LmA4Lif4LmIKDUyHhABIhqYIgqdwsl5OeyenBO6EPzH8SpJvqEBE066DjJIEAIiROC4oeC4q-C4suC4p-C4tOC4l-C4ouC4suC4peC4seC4oiDguKPguLHguIfguKrguLTguJUg4LiE4Liy4LmA4Lif4LmI4AEA!16s%2Fg%2F1pp2wxyck?entry=ttu&g_ep=EgoyMDI1MDUwNy4wIKXMDSoJLDEwMjExNDU1SAFQAw%3D%3D",3.0,3.0,,,oc_303,ci_303,option_303,review_303,rakhok,1.6386868922249824,0.8626757414844105,1.1087713665928502
Kongsi Tea Bar กงสี ทีบาร์ (สาขา ม.รังสิต เมืองเอก),13.9629858,100.5871676,"https://www.google.com/maps/place/Kongsi+Tea+Bar+%E0%B8%81%E0%B8%87%E0%B8%AA%E0%B8%B5+%E0%B8%97%E0%B8%B5%E0%B8%9A%E0%B8%B2%E0%B8%A3%E0%B9%8C+(%E0%B8%AA%E0%B8%B2%E0%B8%82%E0%B8%B2+%E0%B8%A1.%E0%B8%A3%E0%B8%B1%E0%B8%87%E0%B8%AA%E0%B8%B4%E0%B8%95+%E0%B9%80%E0%B8%A1%E0%B8%B7%E0%B8%AD%E0%B8%87%E0%B9%80%E0%B8%AD%E0%B8%81)/@13.9652902,100.5830658,15z/data=!4m10!1m2!2m1!1z4Lih4Lir4Liy4Lin4Li04LiX4Lii4Liy4Lil4Lix4Lii4Lij4Lix4LiH4Liq4Li04LiVIOC4hOC4suC5gOC4n-C5iA!3m6!1s0x30e281c30e8d65d1:0x59e6c11dc3b45a9b!8m2!3d13.9629858!4d100.5871676!15sCkPguKHguKvguLLguKfguLTguJfguKLguLLguKXguLHguKLguKPguLHguIfguKrguLTguJUg4LiE4Liy4LmA4Lif4LmIIgOIAQFaRiJE4Lih4Lir4Liy4Lin4Li04LiX4Lii4Liy4Lil4Lix4LiiIOC4o-C4seC4h-C4quC4tOC4lSDguITguLLguYDguJ_guYiSAQRjYWZlqgHFAQoNL2cvMTFma3l5YzVqahABKkgiROC4oeC4q-C4suC4p-C4tOC4l-C4ouC4suC4peC4seC4oiDguKPguLHguIfguKrguLTguJUg4LiE4Liy4LmA4Lif4LmIKDUyHhABIhqYIgqdwsl5OeyenBO6EPzH8SpJvqEBE066DjJIEAIiROC4oeC4q-C4suC4p-C4tOC4l-C4ouC4suC4peC4seC4oiDguKPguLHguIfguKrguLTguJUg4LiE4Liy4LmA4Lif4LmI4AEA!16s%2Fg%2F11tcbs_5wx?entry=ttu&g_ep=EgoyMDI1MDUwNy4wIKXMDSoJLDEwMjExNDU1SAFQAw%3D%3D",5.0,2.0,,,oc_304,ci_304,option_304,review_304,rakhok,3.1643466373551865,2.354159427358487,0.6588274337801026
เพนกวิ้นมิลล์ที สาขา ม.รังสิต - Penguin Milk Tea RSU,13.9662593,100.5883593,"https://www.google.com/maps/place/%E0%B9%80%E0%B8%9E%E0%B8%99%E0%B8%81%E0%B8%A7%E0%B8%B4%E0%B9%89%E0%B8%99%E0%B8%A1%E0%B8%B4%E0%B8%A5%E0%B8%A5%E0%B9%8C%E0%B8%97%E0%B8%B5+%E0%B8%AA%E0%B8%B2%E0%B8%82%E0%B8%B2+%E0%B8%A1.%E0%B8%A3%E0%B8%B1%E0%B8%87%E0%B8%AA%E0%B8%B4%E0%B8%95+-+Penguin+Milk+Tea+RSU/@13.9652902,100.5830658,15z/data=!4m10!1m2!2m1!1z4Lih4Lir4Liy4Lin4Li04LiX4Lii4Liy4Lil4Lix4Lii4Lij4Lix4LiH4Liq4Li04LiVIOC4hOC4suC5gOC4n-C5iA!3m6!1s0x30e2814cc7d56bfd:0xc87a2add8b52d267!8m2!3d13.9662593!4d100.5883593!15sCkPguKHguKvguLLguKfguLTguJfguKLguLLguKXguLHguKLguKPguLHguIfguKrguLTguJUg4LiE4Liy4LmA4Lif4LmIIgOIAQFaRiJE4Lih4Lir4Liy4Lin4Li04LiX4Lii4Liy4Lil4Lix4LiiIOC4o-C4seC4h-C4quC4tOC4lSDguITguLLguYDguJ_guYiSAQtjb2ZmZWVfc2hvcKoBxQEKDS9nLzExZmt5eWM1amoQASpIIkTguKHguKvguLLguKfguLTguJfguKLguLLguKXguLHguKIg4Lij4Lix4LiH4Liq4Li04LiVIOC4hOC4suC5gOC4n-C5iCg1Mh4QASIamCIKncLJeTnsnpwTuhD8x_EqSb6hARNOug4ySBACIkTguKHguKvguLLguKfguLTguJfguKLguLLguKXguLHguKIg4Lij4Lix4LiH4Liq4Li04LiVIOC4hOC4suC5gOC4n-C5iOABAA!16s%2Fg%2F11t1tfrr08?entry=ttu&g_ep=EgoyMDI1MDUwNy4wIKXMDSoJLDEwMjExNDU1SAFQAw%3D%3D",5.0,1.0,,,oc_305,ci_305,option_305,review_305,rakhok,2.7793921234814554,1.977090194446012,0.4462899132133746
ป้าจอยมอรังสิต,13.9642255,100.5888851,"https://www.google.com/maps/place/%E0%B8%9B%E0%B9%89%E0%B8%B2%E0%B8%88%E0%B8%AD%E0%B8%A2%E0%B8%A1%E0%B8%AD%E0%B8%A3%E0%B8%B1%E0%B8%87%E0%B8%AA%E0%B8%B4%E0%B8%95/@13.9652902,100.5830658,15z/data=!4m10!1m2!2m1!1z4Lih4Lir4Liy4Lin4Li04LiX4Lii4Liy4Lil4Lix4Lii4Lij4Lix4LiH4Liq4Li04LiVIOC4hOC4suC5gOC4n-C5iA!3m6!1s0x30e28170c1bb4bf3:0xf1c6e1056322c2c4!8m2!3d13.9642255!4d100.5888851!15sCkPguKHguKvguLLguKfguLTguJfguKLguLLguKXguLHguKLguKPguLHguIfguKrguLTguJUg4LiE4Liy4LmA4Lif4LmIIgOIAQFaRiJE4Lih4Lir4Liy4Lin4Li04LiX4Lii4Liy4Lil4Lix4LiiIOC4o-C4seC4h-C4quC4tOC4lSDguITguLLguYDguJ_guYiSARFmYW1pbHlfcmVzdGF1cmFudKoBxQEKDS9nLzExZmt5eWM1amoQASpIIkTguKHguKvguLLguKfguLTguJfguKLguLLguKXguLHguKIg4Lij4Lix4LiH4Liq4Li04LiVIOC4hOC4suC5gOC4n-C5iCg1Mh4QASIamCIKncLJeTnsnpwTuhD8x_EqSb6hARNOug4ySBACIkTguKHguKvguLLguKfguLTguJfguKLguLLguKXguLHguKIg4Lij4Lix4LiH4Liq4Li04LiVIOC4hOC4suC5gOC4n-C5iOABAA!16s%2Fg%2F11l5wglmr6?entry=ttu&g_ep=EgoyMDI1MDUwNy4wIKXMDSoJLDEwMjExNDU1SAFQAw%3D%3D",4.7,12.0,฿1-100 ต่อคน,4.0,oc_306,ci_306,option_306,review_306,rakhok,2.9855562817414647,2.1427113837210245,0.43056601511775994
The Coffee Plus,13.9665927,100.5856287,"https://www.google.com/maps/place/The+Coffee+Plus/@13.9652902,100.5830658,15z/data=!4m10!1m2!2m1!1z4Lih4Lir4Liy4Lin4Li04LiX4Lii4Liy4Lil4Lix4Lii4Lij4Lix4LiH4Liq4Li04LiVIOC4hOC4suC5gOC4n-C5iA!3m6!1s0x30e2818601245207:0x86c9a8e95e95294f!8m2!3d13.9665927!4d100.5856287!15sCkPguKHguKvguLLguKfguLTguJfguKLguLLguKXguLHguKLguKPguLHguIfguKrguLTguJUg4LiE4Liy4LmA4Lif4LmIIgOIAQFaRiJE4Lih4Lir4Liy4Lin4Li04LiX4Lii4Liy4Lil4Lix4LiiIOC4o-C4seC4h-C4quC4tOC4lSDguITguLLguYDguJ_guYiSAQtjb2ZmZWVfc2hvcKoBxQEKDS9nLzExZmt5eWM1amoQASpIIkTguKHguKvguLLguKfguLTguJfguKLguLLguKXguLHguKIg4Lij4Lix4LiH4Liq4Li04LiVIOC4hOC4suC5gOC4n-C5iCg1Mh4QASIamCIKncLJeTnsnpwTuhD8x_EqSb6hARNOug4ySBACIkTguKHguKvguLLguKfguLTguJfguKLguLLguKXguLHguKIg4Lij4Lix4LiH4Liq4Li04LiVIOC4hOC4suC5gOC4n-C5iOABAA!16s%2Fg%2F11b7w89563?entry=ttu&g_ep=EgoyMDI1MDUwNy4wIKXMDSoJLDEwMjExNDU1SAFQAw%3D%3D",4.6,8.0,฿1-100 ต่อคน,3.0,oc_307,ci_307,option_307,review_307,rakhok,2.8344527813046447,2.1232994369645666,0.7431416888125659
เลอมง ราเมง มหาวิทยาลัยรังสิต,13.9631158,100.5876283,"https://www.google.com/maps/place/%E0%B9%80%E0%B8%A5%E0%B8%AD%E0%B8%A1%E0%B8%87+%E0%B8%A3%E0%B8%B2%E0%B9%80%E0%B8%A1%E0%B8%87+%E0%B8%A1%E0%B8%AB%E0%B8%B2%E0%B8%A7%E0%B8%B4%E0%B8%97%E0%B8%A2%E0%B8%B2%E0%B8%A5%E0%B8%B1%E0%B8%A2%E0%B8%A3%E0%B8%B1%E0%B8%87%E0%B8%AA%E0%B8%B4%E0%B8%95/@13.9652902,100.5830658,15z/data=!4m10!1m2!2m1!1z4Lih4Lir4Liy4Lin4Li04LiX4Lii4Liy4Lil4Lix4Lii4Lij4Lix4LiH4Liq4Li04LiVIOC4hOC4suC5gOC4n-C5iA!3m6!1s0x30e2813cf24adf61:0x23a7ce617d5ddbc2!8m2!3d13.9631158!4d100.5876283!15sCkPguKHguKvguLLguKfguLTguJfguKLguLLguKXguLHguKLguKPguLHguIfguKrguLTguJUg4LiE4Liy4LmA4Lif4LmIIgOIAQFaRiJE4Lih4Lir4Liy4Lin4Li04LiX4Lii4Liy4Lil4Lix4LiiIOC4o-C4seC4h-C4quC4tOC4lSDguITguLLguYDguJ_guYiSARNqYXBhbmVzZV9yZXN0YXVyYW50qgHFAQoNL2cvMTFma3l5YzVqahABKkgiROC4oeC4q-C4suC4p-C4tOC4l-C4ouC4suC4peC4seC4oiDguKPguLHguIfguKrguLTguJUg4LiE4Liy4LmA4Lif4LmIKDUyHhABIhqYIgqdwsl5OeyenBO6EPzH8SpJvqEBE066DjJIEAIiROC4oeC4q-C4suC4p-C4tOC4l-C4ouC4suC4peC4seC4oiDguKPguLHguIfguKrguLTguJUg4LiE4Liy4LmA4Lif4LmI4AEA!16s%2Fg%2F11sy_xxnb4?entry=ttu&g_ep=EgoyMDI1MDUwNy4wIKXMDSoJLDEwMjExNDU1SAFQAw%3D%3D",4.4,5.0,฿100-200 ต่อคน,3.0,oc_308,ci_308,option_308,review_308,rakhok,3.1375015888451157,2.316565231328699,0.6085667634059858
OKC เมนูอกไก่@เมืองเอก ม.รังสิต,13.9640993,100.5943082,"https://www.google.com/maps/place/OKC+%E0%B9%80%E0%B8%A1%E0%B8%99%E0%B8%B9%E0%B8%AD%E0%B8%81%E0%B9%84%E0%B8%81%E0%B9%88@%E0%B9%80%E0%B8%A1%E0%B8%B7%E0%B8%AD%E0%B8%87%E0%B9%80%E0%B8%AD%E0%B8%81+%E0%B8%A1.%E0%B8%A3%E0%B8%B1%E0%B8%87%E0%B8%AA%E0%B8%B4%E0%B8%95/@13.9652902,100.5830658,15z/data=!4m10!1m2!2m1!1z4Lih4Lir4Liy4Lin4Li04LiX4Lii4Liy4Lil4Lix4Lii4Lij4Lix4LiH4Liq4Li04LiVIOC4hOC4suC5gOC4n-C5iA!3m6!1s0x30e281287d75675f:0x4bf60bf2b822b14c!8m2!3d13.9640993!4d100.5943082!15sCkPguKHguKvguLLguKfguLTguJfguKLguLLguKXguLHguKLguKPguLHguIfguKrguLTguJUg4LiE4Liy4LmA4Lif4LmIIgOIAQFaRiJE4Lih4Lir4Liy4Lin4Li04LiX4Lii4Liy4Lil4Lix4LiiIOC4o-C4seC4h-C4quC4tOC4lSDguITguLLguYDguJ_guYiSAQpyZXN0YXVyYW50qgHFAQoNL2cvMTFma3l5YzVqahABKkgiROC4oeC4q-C4suC4p-C4tOC4l-C4ouC4suC4peC4seC4oiDguKPguLHguIfguKrguLTguJUg4LiE4Liy4LmA4Lif4LmIKDUyHhABIhqYIgqdwsl5OeyenBO6EPzH8SpJvqEBE066DjJIEAIiROC4oeC4q-C4suC4p-C4tOC4l-C4ouC4suC4peC4seC4oiDguKPguLHguIfguKrguLTguJUg4LiE4Liy4LmA4Lif4LmI4AEA!16s%2Fg%2F11jb3vkmt6?entry=ttu&g_ep=EgoyMDI1MDUwNy4wIKXMDSoJLDEwMjExNDU1SAFQAw%3D%3D",4.0,2.0,,,oc_309,ci_309,option_309,review_309,rakhok,2.927449172303904,1.9476639145743544,0.281727145827768
มุมเสบียง หน้า ม.รังสิต,13.9670705,100.5881632,"https://www.google.com/maps/place/%E0%B8%A1%E0%B8%B8%E0%B8%A1%E0%B9%80%E0%B8%AA%E0%B8%9A%E0%B8%B5%E0%B8%A2%E0%B8%87+%E0%B8%AB%E0%B8%99%E0%B9%89%E0%B8%B2+%E0%B8%A1.%E0%B8%A3%E0%B8%B1%E0%B8%87%E0%B8%AA%E0%B8%B4%E0%B8%95/@13.9652902,100.5830658,15z/data=!4m10!1m2!2m1!1z4Lih4Lir4Liy4Lin4Li04LiX4Lii4Liy4Lil4Lix4Lii4Lij4Lix4LiH4Liq4Li04LiVIOC4hOC4suC5gOC4n-C5iA!3m6!1s0x30e281005d1af145:0x25b0fcc5f8b0fc84!8m2!3d13.9670705!4d100.5881632!15sCkPguKHguKvguLLguKfguLTguJfguKLguLLguKXguLHguKLguKPguLHguIfguKrguLTguJUg4LiE4Liy4LmA4Lif4LmIIgOIAQFaRiJE4Lih4Lir4Liy4Lin4Li04LiX4Lii4Liy4Lil4Lix4LiiIOC4o-C4seC4h-C4quC4tOC4lSDguITguLLguYDguJ_guYiSAQpyZXN0YXVyYW50qgHFAQoNL2cvMTFma3l5YzVqahABKkgiROC4oeC4q-C4suC4p-C4tOC4l-C4ouC4suC4peC4seC4oiDguKPguLHguIfguKrguLTguJUg4LiE4Liy4LmA4Lif4LmIKDUyHhABIhqYIgqdwsl5OeyenBO6EPzH8SpJvqEBE066DjJIEAIiROC4oeC4q-C4suC4p-C4tOC4l-C4ouC4suC4peC4seC4oiDguKPguLHguIfguKrguLTguJUg4LiE4Liy4LmA4Lif4LmI4AEA!16s%2Fg%2F11lcvvw1p6?entry=ttu&g_ep=EgoyMDI1MDUwNy4wIKXMDSoJLDEwMjExNDU1SAFQAw%3D%3D",4.0,8.0,฿1-100 ต่อคน,3.0,oc_310,ci_310,option_310,review_310,rakhok,2.6979875926295582,1.9141149105701463,0.48335699230877455
Soup Panda หมาล่าทั่ง สาขา 2 หลังม.รังสิต,13.9607203,100.5790189,"https://www.google.com/maps/place/Soup+Panda+%E0%B8%AB%E0%B8%A1%E0%B8%B2%E0%B8%A5%E0%B9%88%E0%B8%B2%E0%B8%97%E0%B8%B1%E0%B9%88%E0%B8%87+%E0%B8%AA%E0%B8%B2%E0%B8%82%E0%B8%B2+2+%E0%B8%AB%E0%B8%A5%E0%B8%B1%E0%B8%87%E0%B8%A1.%E0%B8%A3%E0%B8%B1%E0%B8%87%E0%B8%AA%E0%B8%B4%E0%B8%95/@13.9652902,100.5830658,15z/data=!4m10!1m2!2m1!1z4Lih4Lir4Liy4Lin4Li04LiX4Lii4Liy4Lil4Lix4Lii4Lij4Lix4LiH4Liq4Li04LiVIOC4hOC4suC5gOC4n-C5iA!3m6!1s0x30e281bd3706ed69:0x98927220fd78f8ca!8m2!3d13.9607203!4d100.5790189!15sCkPguKHguKvguLLguKfguLTguJfguKLguLLguKXguLHguKLguKPguLHguIfguKrguLTguJUg4LiE4Liy4LmA4Lif4LmIIgOIAQFaRiJE4Lih4Lir4Liy4Lin4Li04LiX4Lii4Liy4Lil4Lix4LiiIOC4o-C4seC4h-C4quC4tOC4lSDguITguLLguYDguJ_guYiSAQpyZXN0YXVyYW50qgHFAQoNL2cvMTFma3l5YzVqahABKkgiROC4oeC4q-C4suC4p-C4tOC4l-C4ouC4suC4peC4seC4oiDguKPguLHguIfguKrguLTguJUg4LiE4Liy4LmA4Lif4LmIKDUyHhABIhqYIgqdwsl5OeyenBO6EPzH8SpJvqEBE066DjJIEAIiROC4oeC4q-C4suC4p-C4tOC4l-C4ouC4suC4peC4seC4oiDguKPguLHguIfguKrguLTguJUg4LiE4Liy4LmA4Lif4LmI4AEA!16s%2Fg%2F11l6gcbg9x?entry=ttu&g_ep=EgoyMDI1MDUwNy4wIKXMDSoJLDEwMjExNDU1SAFQAw%3D%3D",5.0,3.0,,,oc_311,ci_311,option_311,review_311,rakhok,3.723758769588017,3.084911105394628,1.5628162286918486
S&P สาขามหาวิทยาลัยรังสิต,13.966581,100.601692,"https://www.google.com/maps/place/S%26P+%E0%B8%AA%E0%B8%B2%E0%B8%82%E0%B8%B2%E0%B8%A1%E0%B8%AB%E0%B8%B2%E0%B8%A7%E0%B8%B4%E0%B8%97%E0%B8%A2%E0%B8%B2%E0%B8%A5%E0%B8%B1%E0%B8%A2%E0%B8%A3%E0%B8%B1%E0%B8%87%E0%B8%AA%E0%B8%B4%E0%B8%95/@13.9652902,100.5830658,15z/data=!4m10!1m2!2m1!1z4Lih4Lir4Liy4Lin4Li04LiX4Lii4Liy4Lil4Lix4Lii4Lij4Lix4LiH4Liq4Li04LiVIOC4hOC4suC5gOC4n-C5iA!3m6!1s0x30e28110563954d3:0x87a0031fcc1ae116!8m2!3d13.966581!4d100.601692!15sCkPguKHguKvguLLguKfguLTguJfguKLguLLguKXguLHguKLguKPguLHguIfguKrguLTguJUg4LiE4Liy4LmA4Lif4LmIIgOIAQFaRiJE4Lih4Lir4Liy4Lin4Li04LiX4Lii4Liy4Lil4Lix4LiiIOC4o-C4seC4h-C4quC4tOC4lSDguITguLLguYDguJ_guYiSAQpyZXN0YXVyYW50qgHFAQoNL2cvMTFma3l5YzVqahABKkgiROC4oeC4q-C4suC4p-C4tOC4l-C4ouC4suC4peC4seC4oiDguKPguLHguIfguKrguLTguJUg4LiE4Liy4LmA4Lif4LmIKDUyHhABIhqYIgqdwsl5OeyenBO6EPzH8SpJvqEBE066DjJIEAIiROC4oeC4q-C4suC4p-C4tOC4l-C4ouC4suC4peC4seC4oiDguKPguLHguIfguKrguLTguJUg4LiE4Liy4LmA4Lif4LmI4AEA!16s%2Fg%2F11rt_s7qz9?entry=ttu&g_ep=EgoyMDI1MDUwNy4wIKXMDSoJLDEwMjExNDU1SAFQAw%3D%3D",,,,,oc_312,ci_312,option_312,review_311,rakhok,2.7481870473438867,1.6625890320054788,0.996952751356776
Café Amazon สาขาม.รังสิต,13.970512,100.6308605,"https://www.google.com/maps/place/Caf%C3%A9+Amazon+%E0%B8%AA%E0%B8%B2%E0%B8%82%E0%B8%B2%E0%B8%A1.%E0%B8%A3%E0%B8%B1%E0%B8%87%E0%B8%AA%E0%B8%B4%E0%B8%95/@13.9652902,100.5830658,15z/data=!4m10!1m2!2m1!1z4Lih4Lir4Liy4Lin4Li04LiX4Lii4Liy4Lil4Lix4Lii4Lij4Lix4LiH4Liq4Li04LiVIOC4hOC4suC5gOC4n-C5iA!3m6!1s0x311d7fbfd5365e97:0xd76caabe91a8d649!8m2!3d13.970512!4d100.6308605!15sCkPguKHguKvguLLguKfguLTguJfguKLguLLguKXguLHguKLguKPguLHguIfguKrguLTguJUg4LiE4Liy4LmA4Lif4LmIIgOIAQFaRiJE4Lih4Lir4Liy4Lin4Li04LiX4Lii4Liy4Lil4Lix4LiiIOC4o-C4seC4h-C4quC4tOC4lSDguITguLLguYDguJ_guYiSAQtjb2ZmZWVfc2hvcKoBxQEKDS9nLzExZmt5eWM1amoQASpIIkTguKHguKvguLLguKfguLTguJfguKLguLLguKXguLHguKIg4Lij4Lix4LiH4Liq4Li04LiVIOC4hOC4suC5gOC4n-C5iCg1Mh4QASIamCIKncLJeTnsnpwTuhD8x_EqSb6hARNOug4ySBACIkTguKHguKvguLLguKfguLTguJfguKLguLLguKXguLHguKIg4Lij4Lix4LiH4Liq4Li04LiVIOC4hOC4suC5gOC4n-C5iOABAA!16s%2Fg%2F11frnvpx38?entry=ttu&g_ep=EgoyMDI1MDUwNy4wIKXMDSoJLDEwMjExNDU1SAFQAw%3D%3D",3.5,6.0,,,oc_313,ci_313,option_313,review_313,rakhok,4.460948709132514,3.7044896039507256,4.173141742688375
อิคคิวน้ำปั่นตามสั่ง หลังมอรังสิต,13.9607851,100.5790379,"https://www.google.com/maps/place/%E0%B8%AD%E0%B8%B4%E0%B8%84%E0%B8%84%E0%B8%B4%E0%B8%A7%E0%B8%99%E0%B9%89%E0%B8%B3%E0%B8%9B%E0%B8%B1%E0%B9%88%E0%B8%99%E0%B8%95%E0%B8%B2%E0%B8%A1%E0%B8%AA%E0%B8%B1%E0%B9%88%E0%B8%87+%E0%B8%AB%E0%B8%A5%E0%B8%B1%E0%B8%87%E0%B8%A1%E0%B8%AD%E0%B8%A3%E0%B8%B1%E0%B8%87%E0%B8%AA%E0%B8%B4%E0%B8%95/@13.9652902,100.5830658,15z/data=!4m10!1m2!2m1!1z4Lih4Lir4Liy4Lin4Li04LiX4Lii4Liy4Lil4Lix4Lii4Lij4Lix4LiH4Liq4Li04LiVIOC4hOC4suC5gOC4n-C5iA!3m6!1s0x30e283f7fc150227:0x28ed4b2b754916a!8m2!3d13.9607851!4d100.5790379!15sCkPguKHguKvguLLguKfguLTguJfguKLguLLguKXguLHguKLguKPguLHguIfguKrguLTguJUg4LiE4Liy4LmA4Lif4LmIIgOIAQFaRiJE4Lih4Lir4Liy4Lin4Li04LiX4Lii4Liy4Lil4Lix4LiiIOC4o-C4seC4h-C4quC4tOC4lSDguITguLLguYDguJ_guYiSAQtjb2ZmZWVfc2hvcKoBxQEKDS9nLzExZmt5eWM1amoQASpIIkTguKHguKvguLLguKfguLTguJfguKLguLLguKXguLHguKIg4Lij4Lix4LiH4Liq4Li04LiVIOC4hOC4suC5gOC4n-C5iCg1Mh4QASIamCIKncLJeTnsnpwTuhD8x_EqSb6hARNOug4ySBACIkTguKHguKvguLLguKfguLTguJfguKLguLLguKXguLHguKIg4Lij4Lix4LiH4Liq4Li04LiVIOC4hOC4suC5gOC4n-C5iOABAA!16s%2Fg%2F11vzz332fb?entry=ttu&g_ep=EgoyMDI1MDUwNy4wIKXMDSoJLDEwMjExNDU1SAFQAw%3D%3D",,,,,oc_314,ci_314,option_314,review_313,rakhok,3.716421611726377,3.0782154172695746,1.5582625985252538
100% Cafe & Bar,13.9600539,100.5775913,"https://www.google.com/maps/place/100%25+Cafe+%26+Bar/@13.9600539,100.5680641,16z/data=!4m11!1m3!2m2!1z4Lir4Lil4Lix4LiB4Lir4LiBIOC4hOC4suC5gOC4n-C5iA!6e5!3m6!1s0x30e28146b8b4531b:0xacfc189dbcf4c8e8!8m2!3d13.9600539!4d100.5775913!15sCiLguKvguKXguLHguIHguKvguIEg4LiE4Liy4LmA4Lif4LmIWiUiI-C4q-C4peC4seC4gSDguKvguIEg4LiE4Liy4LmA4Lif4LmIkgEOY2hpbGRyZW5zX2NhZmWqAWEQASoTIg_guITguLLguYDguJ_guYgoNTIfEAEiG0nrcPXl0XAoDy67KOQVu9I6RnTYMvpYgIZNwzInEAIiI-C4q-C4peC4seC4gSDguKvguIEg4LiE4Liy4LmA4Lif4LmI4AEA!16s%2Fg%2F11scykfdvs?entry=ttu&g_ep=EgoyMDI1MDUwNy4wIKXMDSoJLDEwMjExNDU1SAFQAw%3D%3D",1.6,7.0,,,oc_320,ci_320,option_320,review_320,rakhok,3.8620156274095776,3.2442431851412725,1.7333836575522406
Ahhh Ha coffee,13.9679024,100.5853729,"https://www.google.com/maps/place/Ahhh+Ha+coffee/@13.9762062,100.5873687,16z/data=!4m11!1m3!2m2!1z4Lir4Lil4Lix4LiB4Lir4LiBIOC4hOC4suC5gOC4n-C5iA!6e5!3m6!1s0x30e2811a35bbd01b:0x48d7710054d578a9!8m2!3d13.9679024!4d100.5853729!15sCiLguKvguKXguLHguIHguKvguIEg4LiE4Liy4LmA4Lif4LmIWiUiI-C4q-C4peC4seC4gSDguKvguIEg4LiE4Liy4LmA4Lif4LmIkgELY29mZmVlX3Nob3CqAWEQASoTIg_guITguLLguYDguJ_guYgoNTIfEAEiG0nrcPXl0XAoDy67KOQVu9I6RnTYMvpYgIZNwzInEAIiI-C4q-C4peC4seC4gSDguKvguIEg4LiE4Liy4LmA4Lif4LmI4AEA!16s%2Fg%2F11l6jbxrzt?entry=ttu&g_ep=EgoyMDI1MDUwNy4wIKXMDSoJLDEwMjExNDU1SAFQAw%3D%3D",2.0,4.0,,,oc_321,ci_321,option_321,review_321,rakhok,2.709252627488898,2.03317677912647,0.7982696208368683
บ้านสวนคาเฟ่,13.9740351,100.579379,"https://www.google.com/maps/place/%E0%B8%9A%E0%B9%89%E0%B8%B2%E0%B8%99%E0%B8%AA%E0%B8%A7%E0%B8%99%E0%B8%84%E0%B8%B2%E0%B9%80%E0%B8%9F%E0%B9%88/@13.9740351,100.5698518,16z/data=!4m11!1m3!2m2!1z4Lir4Lil4Lix4LiB4Lir4LiBIOC4hOC4suC5gOC4n-C5iA!6e5!3m6!1s0x30e2814d923887f3:0xbed9e8a4853d3994!8m2!3d13.9740351!4d100.579379!15sCiLguKvguKXguLHguIHguKvguIEg4LiE4Liy4LmA4Lif4LmIWiUiI-C4q-C4peC4seC4gSDguKvguIEg4LiE4Liy4LmA4Lif4LmIkgELY29mZmVlX3Nob3CqAWEQASoTIg_guITguLLguYDguJ_guYgoNTIfEAEiG0nrcPXl0XAoDy67KOQVu9I6RnTYMvpYgIZNwzInEAIiI-C4q-C4peC4seC4gSDguKvguIEg4LiE4Liy4LmA4Lif4LmI4AEA!16s%2Fg%2F11qwqmfft4?entry=ttu&g_ep=EgoyMDI1MDUwNy4wIKXMDSoJLDEwMjExNDU1SAFQAw%3D%3D",5.0,4.0,,,oc_322,ci_322,option_322,review_322,rakhok,2.479430568242272,2.1939760618188053,1.677810212718198
J Coffee specialty สาขา ม.รังสิต,13.9739456,100.5862028,"https://www.google.com/maps/place/J+Coffee+specialty+%E0%B8%AA%E0%B8%B2%E0%B8%82%E0%B8%B2+%E0%B8%A1.%E0%B8%A3%E0%B8%B1%E0%B8%87%E0%B8%AA%E0%B8%B4%E0%B8%95/@13.9740351,100.5698518,16z/data=!4m11!1m3!2m2!1z4Lir4Lil4Lix4LiB4Lir4LiBIOC4hOC4suC5gOC4n-C5iA!6e5!3m6!1s0x30e2819074b9a1a5:0x424b4aca39a7fb9c!8m2!3d13.9739456!4d100.5862028!15sCiLguKvguKXguLHguIHguKvguIEg4LiE4Liy4LmA4Lif4LmIWiUiI-C4q-C4peC4seC4gSDguKvguIEg4LiE4Liy4LmA4Lif4LmIkgEEY2FmZaoBYRABKhMiD-C4hOC4suC5gOC4n-C5iCg1Mh8QASIbSetw9eXRcCgPLrso5BW70jpGdNgy-liAhk3DMicQAiIj4Lir4Lil4Lix4LiBIOC4q-C4gSDguITguLLguYDguJ_guYjgAQA!16s%2Fg%2F11c0vxwjjj?entry=ttu&g_ep=EgoyMDI1MDUwNy4wIKXMDSoJLDEwMjExNDU1SAFQAw%3D%3D",4.2,252.0,฿1-100 ต่อคน,4.0,oc_323,ci_323,option_323,review_323,rakhok,2.061397279160806,1.5360900599399883,1.121426652181755
Beck's Cafe,13.9650214,100.5953388,"https://www.google.com/maps/place/Beck's+Cafe/@13.9650214,100.5858116,16z/data=!4m11!1m3!2m2!1z4Lir4Lil4Lix4LiB4Lir4LiBIOC4hOC4suC5gOC4n-C5iA!6e5!3m6!1s0x30e281006e99f74f:0x99cbdd921961a4bc!8m2!3d13.9650214!4d100.5953388!15sCiLguKvguKXguLHguIHguKvguIEg4LiE4Liy4LmA4Lif4LmIWiUiI-C4q-C4peC4seC4gSDguKvguIEg4LiE4Liy4LmA4Lif4LmIkgELY29mZmVlX3Nob3CqAWEQASoTIg_guITguLLguYDguJ_guYgoNTIfEAEiG0nrcPXl0XAoDy67KOQVu9I6RnTYMvpYgIZNwzInEAIiI-C4q-C4peC4seC4gSDguKvguIEg4LiE4Liy4LmA4Lif4LmI4AEA!16s%2Fg%2F11w7m9nfdw?entry=ttu&g_ep=EgoyMDI1MDUwNy4wIKXMDSoJLDEwMjExNDU1SAFQAw%3D%3D",4.9,10.0,฿1-100 ต่อคน,7.0,oc_324,ci_324,option_324,review_324,rakhok,2.8243408276319855,1.8249133962030357,0.32391673333877685
Bt Coffee,13.9752016,100.5911212,"https://www.google.com/maps/place/Bt+Coffee/@13.9650214,100.5858116,16z/data=!4m11!1m3!2m2!1z4Lir4Lil4Lix4LiB4Lir4LiBIOC4hOC4suC5gOC4n-C5iA!6e5!3m6!1s0x30e2819178c5e73d:0xf462791f7104e601!8m2!3d13.9752016!4d100.5911212!15sCiLguKvguKXguLHguIHguKvguIEg4LiE4Liy4LmA4Lif4LmIWiUiI-C4q-C4peC4seC4gSDguKvguIEg4LiE4Liy4LmA4Lif4LmIkgEEY2FmZaoBYRABKhMiD-C4hOC4suC5gOC4n-C5iCg1Mh8QASIbSetw9eXRcCgPLrso5BW70jpGdNgy-liAhk3DMicQAiIj4Lir4Lil4Lix4LiBIOC4q-C4gSDguITguLLguYDguJ_guYjgAQA!16s%2Fg%2F11n95s0nyb?entry=ttu&g_ep=EgoyMDI1MDUwNy4wIKXMDSoJLDEwMjExNDU1SAFQAw%3D%3D",4.6,5.0,,,oc_325,ci_325,option_325,review_325,rakhok,1.74218849824418,1.0231261716377291,1.043817358521714
ร้านกาแฟลิตเติ้ล คาเฟ่,13.9744429,100.5866037,"https://www.google.com/maps/place/%E0%B8%A3%E0%B9%89%E0%B8%B2%E0%B8%99%E0%B8%81%E0%B8%B2%E0%B9%81%E0%B8%9F%E0%B8%A5%E0%B8%B4%E0%B8%95%E0%B9%80%E0%B8%95%E0%B8%B4%E0%B9%89%E0%B8%A5+%E0%B8%84%E0%B8%B2%E0%B9%80%E0%B8%9F%E0%B9%88/@13.9650214,100.5858116,16z/data=!4m11!1m3!2m2!1z4Lir4Lil4Lix4LiB4Lir4LiBIOC4hOC4suC5gOC4n-C5iA!6e5!3m6!1s0x30e2816974b05385:0xcab6575f126a72ac!8m2!3d13.9744429!4d100.5866037!15sCiLguKvguKXguLHguIHguKvguIEg4LiE4Liy4LmA4Lif4LmIWiUiI-C4q-C4peC4seC4gSDguKvguIEg4LiE4Liy4LmA4Lif4LmIkgELY29mZmVlX3Nob3CqAWEQASoTIg_guITguLLguYDguJ_guYgoNTIfEAEiG0nrcPXl0XAoDy67KOQVu9I6RnTYMvpYgIZNwzInEAIiI-C4q-C4peC4seC4gSDguKvguIEg4LiE4Liy4LmA4Lif4LmI4AEA!16s%2Fg%2F11tp9lxnn9?entry=ttu&g_ep=EgoyMDI1MDUwNy4wIKXMDSoJLDEwMjExNDU1SAFQAw%3D%3D",5.0,3.0,,,oc_326,ci_326,option_326,review_326,rakhok,1.9924607294061558,1.4704953558339073,1.141394524310287
Zebra Cafe,13.9671086,100.6003133,"https://www.google.com/maps/place/Zebra+Cafe/@13.9671086,100.5907861,16z/data=!4m11!1m3!2m2!1z4Lir4Lil4Lix4LiB4Lir4LiBIOC4hOC4suC5gOC4n-C5iA!6e5!3m6!1s0x30e281281091df1b:0xfd7130ec5f5029a9!8m2!3d13.9671086!4d100.6003133!15sCiLguKvguKXguLHguIHguKvguIEg4LiE4Liy4LmA4Lif4LmIWiUiI-C4q-C4peC4seC4gSDguKvguIEg4LiE4Liy4LmA4Lif4LmIkgELY29mZmVlX3Nob3CqAWEQASoTIg_guITguLLguYDguJ_guYgoNTIfEAEiG0nrcPXl0XAoDy67KOQVu9I6RnTYMvpYgIZNwzInEAIiI-C4q-C4peC4seC4gSDguKvguIEg4LiE4Liy4LmA4Lif4LmI4AEA!16s%2Fg%2F11k9ckydly?entry=ttu&g_ep=EgoyMDI1MDUwNy4wIKXMDSoJLDEwMjExNDU1SAFQAw%3D%3D",5.0,16.0,฿1-100 ต่อคน,3.0,oc_327,ci_327,option_327,review_327,rakhok,2.6554047617426093,1.5784780960176785,0.8558491999321699
Butter.cof,13.9647187,100.5965887,"https://www.google.com/maps/place/Butter.cof/@13.9671086,100.5907861,16z/data=!4m11!1m3!2m2!1z4Lir4Lil4Lix4LiB4Lir4LiBIOC4hOC4suC5gOC4n-C5iA!6e5!3m6!1s0x30e281665c193039:0xefa7c7e50536bca1!8m2!3d13.9647187!4d100.5965887!15sCiLguKvguKXguLHguIHguKvguIEg4LiE4Liy4LmA4Lif4LmIWiUiI-C4q-C4peC4seC4gSDguKvguIEg4LiE4Liy4LmA4Lif4LmIkgEIYXJ0X2NhZmWqAWEQASoTIg_guITguLLguYDguJ_guYgoNTIfEAEiG0nrcPXl0XAoDy67KOQVu9I6RnTYMvpYgIZNwzInEAIiI-C4q-C4peC4seC4gSDguKvguIEg4LiE4Liy4LmA4Lif4LmI4AEA!16s%2Fg%2F11x2jk54tg?entry=ttu&g_ep=EgoyMDI1MDUwNy4wIKXMDSoJLDEwMjExNDU1SAFQAw%3D%3D",5.0,6.0,,,oc_328,ci_328,option_328,review_328,rakhok,2.8630705959717657,1.8393869214518228,0.4627260674921747
ริมทางคอฟฟี่,13.9746325,100.5890641,"https://www.google.com/maps/place/%E0%B8%A3%E0%B8%B4%E0%B8%A1%E0%B8%97%E0%B8%B2%E0%B8%87%E0%B8%84%E0%B8%AD%E0%B8%9F%E0%B8%9F%E0%B8%B5%E0%B9%88/@13.9671086,100.5907861,16z/data=!4m11!1m3!2m2!1z4Lir4Lil4Lix4LiB4Lir4LiBIOC4hOC4suC5gOC4n-C5iA!6e5!3m6!1s0x30e281eeba0004d3:0x54bc949e3761f47e!8m2!3d13.9746325!4d100.5890641!15sCiLguKvguKXguLHguIHguKvguIEg4LiE4Liy4LmA4Lif4LmIWiUiI-C4q-C4peC4seC4gSDguKvguIEg4LiE4Liy4LmA4Lif4LmIkgELY29mZmVlX3Nob3CqAWEQASoTIg_guITguLLguYDguJ_guYgoNTIfEAEiG0nrcPXl0XAoDy67KOQVu9I6RnTYMvpYgIZNwzInEAIiI-C4q-C4peC4seC4gSDguKvguIEg4LiE4Liy4LmA4Lif4LmI4AEA!16s%2Fg%2F11mpm3pdb7?entry=ttu&g_ep=EgoyMDI1MDUwNy4wIKXMDSoJLDEwMjExNDU1SAFQAw%3D%3D",5.0,8.0,,,oc_329,ci_329,option_329,review_329,rakhok,1.8673035985110378,1.2367842537208305,1.037827685811616
Memory Coffee,13.9663581,100.5883412,"https://www.google.com/maps/place/Memory+Coffee/@13.9663581,100.578814,16z/data=!4m11!1m3!2m2!1z4Lir4Lil4Lix4LiB4Lir4LiBIOC4hOC4suC5gOC4n-C5iA!6e5!3m6!1s0x30e28188d407f54d:0xb8d33152a6377b0c!8m2!3d13.9663581!4d100.5883412!15sCiLguKvguKXguLHguIHguKvguIEg4LiE4Liy4LmA4Lif4LmIWiUiI-C4q-C4peC4seC4gSDguKvguIEg4LiE4Liy4LmA4Lif4LmIkgEEY2FmZaoBYRABKhMiD-C4hOC4suC5gOC4n-C5iCg1Mh8QASIbSetw9eXRcCgPLrso5BW70jpGdNgy-liAhk3DMicQAiIj4Lir4Lil4Lix4LiBIOC4q-C4gSDguITguLLguYDguJ_guYjgAQA!16s%2Fg%2F11c67rv_bh?entry=ttu&g_ep=EgoyMDI1MDUwNy4wIKXMDSoJLDEwMjExNDU1SAFQAw%3D%3D",4.0,1.0,,,oc_330,ci_330,option_330,review_330,rakhok,2.769278501328393,1.9689528458158676,0.4493280824676233
Sober Coffee Bar,13.9642541,100.5897882,"https://www.google.com/maps/place/Sober+Coffee+Bar/@13.9663581,100.578814,16z/data=!4m11!1m3!2m2!1z4Lir4Lil4Lix4LiB4Lir4LiBIOC4hOC4suC5gOC4n-C5iA!6e5!3m6!1s0x30e2819b469ed2a5:0x4095a8cc78961e96!8m2!3d13.9642541!4d100.5897882!15sCiLguKvguKXguLHguIHguKvguIEg4LiE4Liy4LmA4Lif4LmIWiUiI-C4q-C4peC4seC4gSDguKvguIEg4LiE4Liy4LmA4Lif4LmIkgELY29mZmVlX3Nob3CqAWEQASoTIg_guITguLLguYDguJ_guYgoNTIfEAEiG0nrcPXl0XAoDy67KOQVu9I6RnTYMvpYgIZNwzInEAIiI-C4q-C4peC4seC4gSDguKvguIEg4LiE4Liy4LmA4Lif4LmI4AEA!16s%2Fg%2F11t5_3gfd2?entry=ttu&g_ep=EgoyMDI1MDUwNy4wIKXMDSoJLDEwMjExNDU1SAFQAw%3D%3D",4.8,16.0,฿1-100 ต่อคน,8.0,oc_331,ci_331,option_331,review_331,rakhok,2.962539830485956,2.095234332521719,0.34367743294066666
Cafe Du Soleil,13.9683628,100.5870379,"https://www.google.com/maps/place/Cafe+Du+Soleil/@13.9663581,100.578814,16z/data=!4m11!1m3!2m2!1z4Lir4Lil4Lix4LiB4Lir4LiBIOC4hOC4suC5gOC4n-C5iA!6e5!3m6!1s0x30e281fcf7736c05:0x5af379b83bffd9bd!8m2!3d13.9683628!4d100.5870379!15sCiLguKvguKXguLHguIHguKvguIEg4LiE4Liy4LmA4Lif4LmIWiUiI-C4q-C4peC4seC4gSDguKvguIEg4LiE4Liy4LmA4Lif4LmIkgELY29mZmVlX3Nob3CqAWEQASoTIg_guITguLLguYDguJ_guYgoNTIfEAEiG0nrcPXl0XAoDy67KOQVu9I6RnTYMvpYgIZNwzInEAIiI-C4q-C4peC4seC4gSDguKvguIEg4LiE4Liy4LmA4Lif4LmI4AEA!16s%2Fg%2F11vl5vfj7t?entry=ttu&g_ep=EgoyMDI1MDUwNy4wIKXMDSoJLDEwMjExNDU1SAFQAw%3D%3D",5.0,1.0,,,oc_332,ci_332,option_332,review_332,rakhok,2.5974321744407103,1.8748492204969283,0.6475369997367378
Mercy Coffee,13.9653562,100.596578,"https://www.google.com/maps/place/Mercy+Coffee/@13.9663581,100.578814,16z/data=!4m11!1m3!2m2!1z4Lir4Lil4Lix4LiB4Lir4LiBIOC4hOC4suC5gOC4n-C5iA!6e5!3m6!1s0x30e2818b4f674807:0x72c2a8018cae85ca!8m2!3d13.9653562!4d100.596578!15sCiLguKvguKXguLHguIHguKvguIEg4LiE4Liy4LmA4Lif4LmIWiUiI-C4q-C4peC4seC4gSDguKvguIEg4LiE4Liy4LmA4Lif4LmIkgELY29mZmVlX3Nob3CqAWEQASoTIg_guITguLLguYDguJ_guYgoNTIfEAEiG0nrcPXl0XAoDy67KOQVu9I6RnTYMvpYgIZNwzInEAIiI-C4q-C4peC4seC4gSDguKvguIEg4LiE4Liy4LmA4Lif4LmI4AEA!16s%2Fg%2F11lfzy9bg6?entry=ttu&g_ep=EgoyMDI1MDUwNy4wIKXMDSoJLDEwMjExNDU1SAFQAw%3D%3D",4.9,13.0,฿1-100 ต่อคน,7.0,oc_333,ci_333,option_333,review_333,rakhok,2.7922475703705976,1.7690109967297605,0.4465191916125282
Channel Weed Store Rangsit (RSU) | ร้านขายดอกไม้ ม.รังสิต เมืองเอก รังสิต ปทุม | Cannabis dispensary,13.96541,100.5959717,"https://www.google.com/maps/place/Channel+Weed+Store+Rangsit+(RSU)+%7C+%E0%B8%A3%E0%B9%89%E0%B8%B2%E0%B8%99%E0%B8%82%E0%B8%B2%E0%B8%A2%E0%B8%94%E0%B8%AD%E0%B8%81%E0%B9%84%E0%B8%A1%E0%B9%89+%E0%B8%A1.%E0%B8%A3%E0%B8%B1%E0%B8%87%E0%B8%AA%E0%B8%B4%E0%B8%95+%E0%B9%80%E0%B8%A1%E0%B8%B7%E0%B8%AD%E0%B8%87%E0%B9%80%E0%B8%AD%E0%B8%81+%E0%B8%A3%E0%B8%B1%E0%B8%87%E0%B8%AA%E0%B8%B4%E0%B8%95+%E0%B8%9B%E0%B8%97%E0%B8%B8%E0%B8%A1+%7C+Cannabis+dispensary/@13.96541,100.5864445,16z/data=!4m11!1m3!2m2!1z4Lir4Lil4Lix4LiB4Lir4LiBIOC4hOC4suC5gOC4n-C5iA!6e5!3m6!1s0x30e281f1149bf1e1:0x26fd8337249a8920!8m2!3d13.96541!4d100.5959717!15sCiLguKvguKXguLHguIHguKvguIEg4LiE4Liy4LmA4Lif4LmIWiUiI-C4q-C4peC4seC4gSDguKvguIEg4LiE4Liy4LmA4Lif4LmIkgELY29mZmVlX3Nob3CqAWEQASoTIg_guITguLLguYDguJ_guYgoNTIfEAEiG0nrcPXl0XAoDy67KOQVu9I6RnTYMvpYgIZNwzInEAIiI-C4q-C4peC4seC4gSDguKvguIEg4LiE4Liy4LmA4Lif4LmI4AEA!16s%2Fg%2F11t5r8b0j0?entry=ttu&g_ep=EgoyMDI1MDUwNy4wIKXMDSoJLDEwMjExNDU1SAFQAw%3D%3D",5.0,93.0,฿400-500 ต่อคน,7.0,oc_334,ci_334,option_334,review_334,rakhok,2.782959687189741,1.7712910019732915,0.3809046713167582
TUMHOME,13.9661872,100.6002141,"https://www.google.com/maps/place/TUMHOME/@13.96541,100.5864445,16z/data=!4m11!1m3!2m2!1z4Lir4Lil4Lix4LiB4Lir4LiBIOC4hOC4suC5gOC4n-C5iA!6e5!3m6!1s0x30e28190a6f79075:0x7778ffcbb78da958!8m2!3d13.9661872!4d100.6002141!15sCiLguKvguKXguLHguIHguKvguIEg4LiE4Liy4LmA4Lif4LmIWiUiI-C4q-C4peC4seC4gSDguKvguIEg4LiE4Liy4LmA4Lif4LmIkgEKcmVzdGF1cmFudKoBYRABKhMiD-C4hOC4suC5gOC4n-C5iCg1Mh8QASIbSetw9eXRcCgPLrso5BW70jpGdNgy-liAhk3DMicQAiIj4Lir4Lil4Lix4LiBIOC4q-C4gSDguITguLLguYDguJ_guYjgAQA!16s%2Fg%2F11qg17sllc?entry=ttu&g_ep=EgoyMDI1MDUwNy4wIKXMDSoJLDEwMjExNDU1SAFQAw%3D%3D",4.3,6.0,,,oc_335,ci_335,option_335,review_335,rakhok,2.753281153825758,1.6787219355596992,0.8352379247481472
Tabby Cafe,13.9758578,100.5928863,"https://www.google.com/maps/place/Tabby+Cafe/@13.96541,100.5864445,16z/data=!4m11!1m3!2m2!1z4Lir4Lil4Lix4LiB4Lir4LiBIOC4hOC4suC5gOC4n-C5iA!6e5!3m6!1s0x30e283ec7af4b6dd:0x3d29de58bcfafed!8m2!3d13.9758578!4d100.5928863!15sCiLguKvguKXguLHguIHguKvguIEg4LiE4Liy4LmA4Lif4LmIWiUiI-C4q-C4peC4seC4gSDguKvguIEg4LiE4Liy4LmA4Lif4LmIkgELY29mZmVlX3Nob3CqAWEQASoTIg_guITguLLguYDguJ_guYgoNTIfEAEiG0nrcPXl0XAoDy67KOQVu9I6RnTYMvpYgIZNwzInEAIiI-C4q-C4peC4seC4gSDguKvguIEg4LiE4Liy4LmA4Lif4LmI4AEA!16s%2Fg%2F11y5fvkdgg?entry=ttu&g_ep=EgoyMDI1MDUwNy4wIKXMDSoJLDEwMjExNDU1SAFQAw%3D%3D",5.0,1.0,,,oc_336,ci_336,option_336,review_336,rakhok,1.6345812891659488,0.8336640904854039,1.1073183317427129
หนองโพคาเฟ่ สาขาเมืองเอก Nongpho Cafe Muang Ake,13.9653452,100.5964619,"https://www.google.com/maps/place/%E0%B8%AB%E0%B8%99%E0%B8%AD%E0%B8%87%E0%B9%82%E0%B8%9E%E0%B8%84%E0%B8%B2%E0%B9%80%E0%B8%9F%E0%B9%88+%E0%B8%AA%E0%B8%B2%E0%B8%82%E0%B8%B2%E0%B9%80%E0%B8%A1%E0%B8%B7%E0%B8%AD%E0%B8%87%E0%B9%80%E0%B8%AD%E0%B8%81+Nongpho+Cafe+Muang+Ake/@13.96541,100.5864445,16z/data=!4m11!1m3!2m2!1z4Lir4Lil4Lix4LiB4Lir4LiBIOC4hOC4suC5gOC4n-C5iA!6e5!3m6!1s0x30e281f8adc915f3:0x1a9b4d255a5cfc49!8m2!3d13.9653452!4d100.5964619!15sCiLguKvguKXguLHguIHguKvguIEg4LiE4Liy4LmA4Lif4LmIWiUiI-C4q-C4peC4seC4gSDguKvguIEg4LiE4Liy4LmA4Lif4LmIkgEEY2FmZaoBYRABKhMiD-C4hOC4suC5gOC4n-C5iCg1Mh8QASIbSetw9eXRcCgPLrso5BW70jpGdNgy-liAhk3DMicQAiIj4Lir4Lil4Lix4LiBIOC4q-C4gSDguITguLLguYDguJ_guYjgAQA!16s%2Fg%2F11vhj4f4sz?entry=ttu&g_ep=EgoyMDI1MDUwNy4wIKXMDSoJLDEwMjExNDU1SAFQAw%3D%3D",4.3,3.0,,,oc_337,ci_337,option_337,review_337,rakhok,2.7927164378639247,1.7716122121054476,0.4342873502216808
thenerf cafe,13.9628505,100.5863511,"https://www.google.com/maps/place/thenerf+cafe/@13.96541,100.5864445,16z/data=!4m11!1m3!2m2!1z4Lir4Lil4Lix4LiB4Lir4LiBIOC4hOC4suC5gOC4n-C5iA!6e5!3m6!1s0x30e28179db67bc27:0x5e9781fea8de108b!8m2!3d13.9628505!4d100.5863511!15sCiLguKvguKXguLHguIHguKvguIEg4LiE4Liy4LmA4Lif4LmIWiUiI-C4q-C4peC4seC4gSDguKvguIEg4LiE4Liy4LmA4Lif4LmIkgELY29mZmVlX3Nob3CqAWEQASoTIg_guITguLLguYDguJ_guYgoNTIfEAEiG0nrcPXl0XAoDy67KOQVu9I6RnTYMvpYgIZNwzInEAIiI-C4q-C4peC4seC4gSDguKvguIEg4LiE4Liy4LmA4Lif4LmI4AEA!16s%2Fg%2F11wxglf8j7?entry=ttu&g_ep=EgoyMDI1MDUwNy4wIKXMDSoJLDEwMjExNDU1SAFQAw%3D%3D",5.0,1.0,,,oc_338,ci_338,option_338,review_338,rakhok,3.2033015856261002,2.4131381015316697,0.7435178062803515
Café Amazon สาขา หมู่บ้านเมืองเอก,13.9661219,100.5986536,"https://www.google.com/maps/place/Caf%C3%A9+Amazon+%E0%B8%AA%E0%B8%B2%E0%B8%82%E0%B8%B2+%E0%B8%AB%E0%B8%A1%E0%B8%B9%E0%B9%88%E0%B8%9A%E0%B9%89%E0%B8%B2%E0%B8%99%E0%B9%80%E0%B8%A1%E0%B8%B7%E0%B8%AD%E0%B8%87%E0%B9%80%E0%B8%AD%E0%B8%81/@13.96541,100.5864445,16z/data=!4m11!1m3!2m2!1z4Lir4Lil4Lix4LiB4Lir4LiBIOC4hOC4suC5gOC4n-C5iA!6e5!3m6!1s0x30e2818f16388729:0xfc3a08880149b5bc!8m2!3d13.9661219!4d100.5986536!15sCiLguKvguKXguLHguIHguKvguIEg4LiE4Liy4LmA4Lif4LmIWiUiI-C4q-C4peC4seC4gSDguKvguIEg4LiE4Liy4LmA4Lif4LmIkgEEY2FmZaoBYRABKhMiD-C4hOC4suC5gOC4n-C5iCg1Mh8QASIbSetw9eXRcCgPLrso5BW70jpGdNgy-liAhk3DMicQAiIj4Lir4Lil4Lix4LiBIOC4q-C4gSDguITguLLguYDguJ_guYjgAQA!16s%2Fg%2F11gjj2l2fy?entry=ttu&g_ep=EgoyMDI1MDUwNy4wIKXMDSoJLDEwMjExNDU1SAFQAw%3D%3D",4.2,90.0,฿1-100 ต่อคน,10.0,oc_339,ci_339,option_339,review_339,rakhok,2.730823848957557,1.6740402548233178,0.6666946358026495
The Lion Cafe,13.9660036,100.5860784,"https://www.google.com/maps/place/The+Lion+Cafe/@13.96541,100.5864445,16z/data=!4m11!1m3!2m2!1z4Lir4Lil4Lix4LiB4Lir4LiBIOC4hOC4suC5gOC4n-C5iA!6e5!3m6!1s0x30e281077ae2398d:0x3599cd2928fc002e!8m2!3d13.9660036!4d100.5860784!15sCiLguKvguKXguLHguIHguKvguIEg4LiE4Liy4LmA4Lif4LmIWiUiI-C4q-C4peC4seC4gSDguKvguIEg4LiE4Liy4LmA4Lif4LmIkgEEY2FmZaoBYRABKhMiD-C4hOC4suC5gOC4n-C5iCg1Mh8QASIbSetw9eXRcCgPLrso5BW70jpGdNgy-liAhk3DMicQAiIj4Lir4Lil4Lix4LiBIOC4q-C4gSDguITguLLguYDguJ_guYjgAQA!16s%2Fg%2F11fp89vdzb?entry=ttu&g_ep=EgoyMDI1MDUwNy4wIKXMDSoJLDEwMjExNDU1SAFQAw%3D%3D",,,,,oc_340,ci_340,option_340,review_339,rakhok,2.8792499078461575,2.143456607125896,0.6907810137037778
บ้านทองกลับ คาเฟ่,14.0223476,100.5352054,"https://www.google.com/maps/place/%E0%B8%9A%E0%B9%89%E0%B8%B2%E0%B8%99%E0%B8%97%E0%B8%AD%E0%B8%87%E0%B8%81%E0%B8%A5%E0%B8%B1%E0%B8%9A+%E0%B8%84%E0%B8%B2%E0%B9%80%E0%B8%9F%E0%B9%88/@14.0223476,100.5256782,16z/data=!4m11!1m3!2m2!1z4Lir4Lil4Lix4LiB4Lir4LiBIOC4hOC4suC5gOC4n-C5iA!6e5!3m6!1s0x30e283d98699415f:0xe3add17cdfe03ea1!8m2!3d14.0223476!4d100.5352054!15sCiLguKvguKXguLHguIHguKvguIEg4LiE4Liy4LmA4Lif4LmIWiUiI-C4q-C4peC4seC4gSDguKvguIEg4LiE4Liy4LmA4Lif4LmIkgEEY2FmZaoBYRABKhMiD-C4hOC4suC5gOC4n-C5iCg1Mh8QASIbSetw9eXRcCgPLrso5BW70jpGdNgy-liAhk3DMicQAiIj4Lir4Lil4Lix4LiBIOC4q-C4gSDguITguLLguYDguJ_guYjgAQA!16s%2Fg%2F11py0cd_jv?entry=ttu&g_ep=EgoyMDI1MDUwNy4wIKXMDSoJLDEwMjExNDU1SAFQAw%3D%3D",4.5,518.0,฿100-200 ต่อคน,190.0,oc_341,ci_341,option_341,review_341,rakhok,7.3604209286633235,8.206823761529108,8.807584174344752
Chargecoffee,13.9680293,100.6009338,"https://www.google.com/maps/place/Chargecoffee/@13.9680293,100.5914066,16z/data=!4m11!1m3!2m2!1z4Lir4Lil4Lix4LiB4Lir4LiBIOC4hOC4suC5gOC4n-C5iA!6e5!3m6!1s0x30e281529fe47b83:0x2a53efd59b9b99de!8m2!3d13.9680293!4d100.6009338!15sCiLguKvguKXguLHguIHguKvguIEg4LiE4Liy4LmA4Lif4LmIWiUiI-C4q-C4peC4seC4gSDguKvguIEg4LiE4Liy4LmA4Lif4LmIkgEEY2FmZaoBYRABKhMiD-C4hOC4suC5gOC4n-C5iCg1Mh8QASIbSetw9eXRcCgPLrso5BW70jpGdNgy-liAhk3DMicQAiIj4Lir4Lil4Lix4LiBIOC4q-C4gSDguITguLLguYDguJ_guYjgAQA!16s%2Fg%2F11j20mtcls?entry=ttu&g_ep=EgoyMDI1MDUwNy4wIKXMDSoJLDEwMjExNDU1SAFQAw%3D%3D",,,,,oc_342,ci_342,option_342,review_341,rakhok,2.5715125479973096,1.4882604451947714,0.9423348585519298
อา-ฮ่า! คอฟฟี่โรสเตอร์,13.966166,100.5858773,"https://www.google.com/maps/place/%E0%B8%AD%E0%B8%B2-%E0%B8%AE%E0%B9%88%E0%B8%B2!+%E0%B8%84%E0%B8%AD%E0%B8%9F%E0%B8%9F%E0%B8%B5%E0%B9%88%E0%B9%82%E0%B8%A3%E0%B8%AA%E0%B9%80%E0%B8%95%E0%B8%AD%E0%B8%A3%E0%B9%8C/@13.966166,100.5763501,16z/data=!4m11!1m3!2m2!1z4Lir4Lil4Lix4LiB4Lir4LiBIOC4hOC4suC5gOC4n-C5iA!6e5!3m6!1s0x30e28195b750a95f:0x43454ccec7fee62e!8m2!3d13.966166!4d100.5858773!15sCiLguKvguKXguLHguIHguKvguIEg4LiE4Liy4LmA4Lif4LmIWiUiI-C4q-C4peC4seC4gSDguKvguIEg4LiE4Liy4LmA4Lif4LmIkgELY29mZmVlX3Nob3CqAWEQASoTIg_guITguLLguYDguJ_guYgoNTIfEAEiG0nrcPXl0XAoDy67KOQVu9I6RnTYMvpYgIZNwzInEAIiI-C4q-C4peC4seC4gSDguKvguIEg4LiE4Liy4LmA4Lif4LmI4AEA!16s%2Fg%2F11sbl2bqgc?entry=ttu&g_ep=EgoyMDI1MDUwNy4wIKXMDSoJLDEwMjExNDU1SAFQAw%3D%3D",4.3,6.0,,,oc_343,ci_343,option_343,review_343,rakhok,2.869572583820848,2.1428193197248926,0.7129786194014583
Laong Cafe&Store (ละออง คาเฟ่ แอนด์ สโตร์),14.1202883,100.7264122,"https://www.google.com/maps/place/Laong+Cafe%26Store+(%E0%B8%A5%E0%B8%B0%E0%B8%AD%E0%B8%AD%E0%B8%87+%E0%B8%84%E0%B8%B2%E0%B9%80%E0%B8%9F%E0%B9%88+%E0%B9%81%E0%B8%AD%E0%B8%99%E0%B8%94%E0%B9%8C+%E0%B8%AA%E0%B9%82%E0%B8%95%E0%B8%A3%E0%B9%8C)/@14.1202883,100.716885,16z/data=!4m11!1m3!2m2!1z4Lir4Lil4Lix4LiB4Lir4LiBIOC4hOC4suC5gOC4n-C5iA!6e5!3m6!1s0x311d8397275a4809:0x95357d5a72e9c28b!8m2!3d14.1202883!4d100.7264122!15sCiLguKvguKXguLHguIHguKvguIEg4LiE4Liy4LmA4Lif4LmIWiUiI-C4q-C4peC4seC4gSDguKvguIEg4LiE4Liy4LmA4Lif4LmIkgELY29mZmVlX3Nob3CqAWEQASoTIg_guITguLLguYDguJ_guYgoNTIfEAEiG0nrcPXl0XAoDy67KOQVu9I6RnTYMvpYgIZNwzInEAIiI-C4q-C4peC4seC4gSDguKvguIEg4LiE4Liy4LmA4Lif4LmI4AEA!16s%2Fg%2F11tmn4d__t?entry=ttu&g_ep=EgoyMDI1MDUwNy4wIKXMDSoJLDEwMjExNDU1SAFQAw%3D%3D",4.9,16.0,,,oc_344,ci_344,option_344,review_344,rakhok,20.23782870090013,20.74015447953379,22.436990478469983
Hokkaido Coffee ม.รังสิต,13.9647093,100.5866944,"https://www.google.com/maps/place/Hokkaido+Coffee+%E0%B8%A1.%E0%B8%A3%E0%B8%B1%E0%B8%87%E0%B8%AA%E0%B8%B4%E0%B8%95/@13.9650058,100.5528884,14.38z/data=!4m11!1m3!2m2!1z4Lir4Lil4Lix4LiB4Lir4LiBIOC4hOC4suC5gOC4n-C5iA!6e5!3m6!1s0x30e281889004ba8b:0x85f06d87787e978d!8m2!3d13.9647093!4d100.5866944!15sCiLguKvguKXguLHguIHguKvguIEg4LiE4Liy4LmA4Lif4LmIWiUiI-C4q-C4peC4seC4gSDguKvguIEg4LiE4Liy4LmA4Lif4LmIkgELY29mZmVlX3Nob3CqAWEQASoTIg_guITguLLguYDguJ_guYgoNTIfEAEiG0nrcPXl0XAoDy67KOQVu9I6RnTYMvpYgIZNwzInEAIiI-C4q-C4peC4seC4gSDguKvguIEg4LiE4Liy4LmA4Lif4LmI4AEA!16s%2Fg%2F11d_8c04mj?entry=ttu&g_ep=EgoyMDI1MDUwNy4wIKXMDSoJLDEwMjExNDU1SAFQAw%3D%3D",4.1,23.0,,,oc_345,ci_345,option_345,review_345,rakhok,2.994856401977866,2.220197335029489,0.6382839838246888
Summer Solstice Coffee,13.9660863,100.5995219,"https://www.google.com/maps/place/Summer+Solstice+Coffee/@13.9603606,100.5311745,13.88z/data=!4m11!1m3!2m2!1z4Lir4Lil4Lix4LiB4Lir4LiBIOC4hOC4suC5gOC4n-C5iA!6e5!3m6!1s0x30e281171f2e411f:0xa4c694aa92edadea!8m2!3d13.9660863!4d100.5995219!15sCiLguKvguKXguLHguIHguKvguIEg4LiE4Liy4LmA4Lif4LmIWiUiI-C4q-C4peC4seC4gSDguKvguIEg4LiE4Liy4LmA4Lif4LmIkgELY29mZmVlX3Nob3CqAWEQASoTIg_guITguLLguYDguJ_guYgoNTIfEAEiG0nrcPXl0XAoDy67KOQVu9I6RnTYMvpYgIZNwzInEAIiI-C4q-C4peC4seC4gSDguKvguIEg4LiE4Liy4LmA4Lif4LmI4AEA!16s%2Fg%2F11wq7jbmps?entry=ttu&g_ep=EgoyMDI1MDUwNy4wIKXMDSoJLDEwMjExNDU1SAFQAw%3D%3D",5.0,3.0,,,oc_346,ci_346,option_346,review_346,rakhok,2.749933813550166,1.6825301777060073,0.7602246742564555
กาแฟพันธ์ุไทย สาขาหน้าม.รังสิต,13.9654881,100.5885799,"https://www.google.com/maps/place/%E0%B8%81%E0%B8%B2%E0%B9%81%E0%B8%9F%E0%B8%9E%E0%B8%B1%E0%B8%99%E0%B8%98%E0%B9%8C%E0%B8%B8%E0%B9%84%E0%B8%97%E0%B8%A2+%E0%B8%AA%E0%B8%B2%E0%B8%82%E0%B8%B2%E0%B8%AB%E0%B8%99%E0%B9%89%E0%B8%B2%E0%B8%A1.%E0%B8%A3%E0%B8%B1%E0%B8%87%E0%B8%AA%E0%B8%B4%E0%B8%95/@13.9603606,100.5311745,13.88z/data=!4m11!1m3!2m2!1z4Lir4Lil4Lix4LiB4Lir4LiBIOC4hOC4suC5gOC4n-C5iA!6e5!3m6!1s0x30e2818387542a79:0xc8d088882aa842e5!8m2!3d13.9654881!4d100.5885799!15sCiLguKvguKXguLHguIHguKvguIEg4LiE4Liy4LmA4Lif4LmIWiUiI-C4q-C4peC4seC4gSDguKvguIEg4LiE4Liy4LmA4Lif4LmIkgELY29mZmVlX3Nob3CqAWEQASoTIg_guITguLLguYDguJ_guYgoNTIfEAEiG0nrcPXl0XAoDy67KOQVu9I6RnTYMvpYgIZNwzInEAIiI-C4q-C4peC4seC4gSDguKvguIEg4LiE4Liy4LmA4Lif4LmI4AEA!16s%2Fg%2F11t31g4vf8?entry=ttu&g_ep=EgoyMDI1MDUwNy4wIKXMDSoJLDEwMjExNDU1SAFQAw%3D%3D",3.8,8.0,฿1-100 ต่อคน,3.0,oc_347,ci_347,option_347,review_347,rakhok,2.85652613958294,2.037153788758689,0.4233404774647523
ร้านอันธาม,13.9758688,100.5926875,"https://www.google.com/maps/place/%E0%B8%A3%E0%B9%89%E0%B8%B2%E0%B8%99%E0%B8%AD%E0%B8%B1%E0%B8%99%E0%B8%98%E0%B8%B2%E0%B8%A1/@13.9758688,100.5164698,13z/data=!4m11!1m3!2m2!1z4Lir4Lil4Lix4LiB4Lir4LiBIOC4hOC4suC5gOC4n-C5iA!6e5!3m6!1s0x30e28193c611afe9:0x2c8b465fa2c9ae25!8m2!3d13.9758688!4d100.5926875!15sCiLguKvguKXguLHguIHguKvguIEg4LiE4Liy4LmA4Lif4LmIWiUiI-C4q-C4peC4seC4gSDguKvguIEg4LiE4Liy4LmA4Lif4LmIkgEEY2FmZaoBYRABKhMiD-C4hOC4suC5gOC4n-C5iCg1Mh8QASIbSetw9eXRcCgPLrso5BW70jpGdNgy-liAhk3DMicQAiIj4Lir4Lil4Lix4LiBIOC4q-C4gSDguITguLLguYDguJ_guYjgAQA!16s%2Fg%2F11f57c8dlj?entry=ttu&g_ep=EgoyMDI1MDUwNy4wIKXMDSoJLDEwMjExNDU1SAFQAw%3D%3D",5.0,1.0,,,oc_348,ci_348,option_348,review_348,rakhok,1.6364550672957512,0.8480756408576653,1.1078978169385563
CHAKAIMUK.COM สาขา ตึก 9 ม.รังสิต,13.9659981,100.5854193,"https://www.google.com/maps/place/CHAKAIMUK.COM+%E0%B8%AA%E0%B8%B2%E0%B8%82%E0%B8%B2+%E0%B8%95%E0%B8%B6%E0%B8%81+9+%E0%B8%A1.%E0%B8%A3%E0%B8%B1%E0%B8%87%E0%B8%AA%E0%B8%B4%E0%B8%95/@13.9758688,100.5164698,13z/data=!4m11!1m3!2m2!1z4Lir4Lil4Lix4LiB4Lir4LiBIOC4hOC4suC5gOC4n-C5iA!6e5!3m6!1s0x30e2810035ade73b:0xb335556af093bdf1!8m2!3d13.9659981!4d100.5854193!15sCiLguKvguKXguLHguIHguKvguIEg4LiE4Liy4LmA4Lif4LmIkgELY29mZmVlX3Nob3CqAWEQASoTIg_guITguLLguYDguJ_guYgoNTIfEAEiG0nrcPXl0XAoDy67KOQVu9I6RnTYMvpYgIZNwzInEAIiI-C4q-C4peC4seC4gSDguKvguIEg4LiE4Liy4LmA4Lif4LmI4AEA!16s%2Fg%2F11m6p9dd98?entry=ttu&g_ep=EgoyMDI1MDUwNy4wIKXMDSoJLDEwMjExNDU1SAFQAw%3D%3D",,,,,oc_349,ci_349,option_349,review_348,rakhok,2.9042843567925765,2.1885242269333625,0.7618871378257126
Before U café,13.9607599,100.5976039,"https://www.google.com/maps/place/Before+U+caf%C3%A9/@13.9758688,100.5164698,13z/data=!4m11!1m3!2m2!1z4Lir4Lil4Lix4LiB4Lir4LiBIOC4hOC4suC5gOC4n-C5iA!6e5!3m6!1s0x30e281b51e8a65eb:0xa676e59aa39bdff8!8m2!3d13.9607599!4d100.5976039!15sCiLguKvguKXguLHguIHguKvguIEg4LiE4Liy4LmA4Lif4LmIWiUiI-C4q-C4peC4seC4gSDguKvguIEg4LiE4Liy4LmA4Lif4LmIkgELY29mZmVlX3Nob3CqAWEQASoTIg_guITguLLguYDguJ_guYgoNTIfEAEiG0nrcPXl0XAoDy67KOQVu9I6RnTYMvpYgIZNwzInEAIiI-C4q-C4peC4seC4gSDguKvguIEg4LiE4Liy4LmA4Lif4LmI4AEA!16s%2Fg%2F11s4y6hc7l?entry=ttu&g_ep=EgoyMDI1MDUwNy4wIKXMDSoJLDEwMjExNDU1SAFQAw%3D%3D",,,,,oc_350,ci_350,option_350,review_348,rakhok,3.3101704849338494,2.271282733495486,0.7958733803885941
ป้าติ๋มปั่น ม.รังสิต,13.9647998,100.5955729,"https://www.google.com/maps/place/%E0%B8%9B%E0%B9%89%E0%B8%B2%E0%B8%95%E0%B8%B4%E0%B9%8B%E0%B8%A1%E0%B8%9B%E0%B8%B1%E0%B9%88%E0%B8%99+%E0%B8%A1.%E0%B8%A3%E0%B8%B1%E0%B8%87%E0%B8%AA%E0%B8%B4%E0%B8%95/@13.9758688,100.5164698,13z/data=!4m11!1m3!2m2!1z4Lir4Lil4Lix4LiB4Lir4LiBIOC4hOC4suC5gOC4n-C5iA!6e5!3m6!1s0x30e2818a420f1413:0xa83c076a2c692446!8m2!3d13.9647998!4d100.5955729!15sCiLguKvguKXguLHguIHguKvguIEg4LiE4Liy4LmA4Lif4LmIWiUiI-C4q-C4peC4seC4gSDguKvguIEg4LiE4Liy4LmA4Lif4LmIkgEEY2FmZaoBYRABKhMiD-C4hOC4suC5gOC4n-C5iCg1Mh8QASIbSetw9eXRcCgPLrso5BW70jpGdNgy-liAhk3DMicQAiIj4Lir4Lil4Lix4LiBIOC4q-C4gSDguITguLLguYDguJ_guYjgAQA!16s%2Fg%2F11fn98lrnd?entry=ttu&g_ep=EgoyMDI1MDUwNy4wIKXMDSoJLDEwMjExNDU1SAFQAw%3D%3D",4.5,2.0,,,oc_351,ci_351,option_351,review_351,rakhok,2.849447498244479,1.8449216692534323,0.35582593890115294
ดูเบล่คาเฟ่,14.1310551,100.7321534,"https://www.google.com/maps/place/%E0%B8%94%E0%B8%B9%E0%B9%80%E0%B8%9A%E0%B8%A5%E0%B9%88%E0%B8%84%E0%B8%B2%E0%B9%80%E0%B8%9F%E0%B9%88/@14.1310551,100.6559357,13z/data=!4m11!1m3!2m2!1z4Lir4Lil4Lix4LiB4Lir4LiBIOC4hOC4suC5gOC4n-C5iA!6e5!3m6!1s0x311d79d82a94f691:0xd3692ca6315865e!8m2!3d14.1310551!4d100.7321534!15sCiLguKvguKXguLHguIHguKvguIEg4LiE4Liy4LmA4Lif4LmIWiUiI-C4q-C4peC4seC4gSDguKvguIEg4LiE4Liy4LmA4Lif4LmIkgELY29mZmVlX3Nob3CqAWEQASoTIg_guITguLLguYDguJ_guYgoNTIfEAEiG0nrcPXl0XAoDy67KOQVu9I6RnTYMvpYgIZNwzInEAIiI-C4q-C4peC4seC4gSDguKvguIEg4LiE4Liy4LmA4Lif4LmI4AEA!16s%2Fg%2F11y3vc654g?entry=ttu&g_ep=EgoyMDI1MDUwNy4wIKXMDSoJLDEwMjExNDU1SAFQAw%3D%3D",4.5,24.0,,,oc_352,ci_352,option_352,review_352,rakhok,21.52939510996694,22.047944181856597,23.75339283381825
SLOW CAMP coffee&cannabis,13.9642412,100.5924022,"https://www.google.com/maps/place/SLOW+CAMP+coffee%26cannabis/@13.9642412,100.5161845,13z/data=!4m11!1m3!2m2!1z4Lir4Lil4Lix4LiB4Lir4LiBIOC4hOC4suC5gOC4n-C5iA!6e5!3m6!1s0x30e2813726fc702b:0x4a338992bcb3e370!8m2!3d13.9642412!4d100.5924022!15sCiLguKvguKXguLHguIHguKvguIEg4LiE4Liy4LmA4Lif4LmIWiUiI-C4q-C4peC4seC4gSDguKvguIEg4LiE4Liy4LmA4Lif4LmIkgEEY2FmZaoBYRABKhMiD-C4hOC4suC5gOC4n-C5iCg1Mh8QASIbSetw9eXRcCgPLrso5BW70jpGdNgy-liAhk3DMicQAiIj4Lir4Lil4Lix4LiBIOC4q-C4gSDguITguLLguYDguJ_guYjgAQA!16s%2Fg%2F11rmv26bs9?entry=ttu&g_ep=EgoyMDI1MDUwNy4wIKXMDSoJLDEwMjExNDU1SAFQAw%3D%3D",,,,,oc_353,ci_353,option_353,review_352,rakhok,2.923928600313381,1.9886516163974024,0.1854483566782782
Coffee & Premium Gifts,13.9646552,100.5867095,"https://www.google.com/maps/place/Coffee+%26+Premium+Gifts/@13.9642412,100.5161845,13z/data=!4m11!1m3!2m2!1z4Lir4Lil4Lix4LiB4Lir4LiBIOC4hOC4suC5gOC4n-C5iA!6e5!3m6!1s0x30e281888fd122c1:0xb19e6bc79edc77d3!8m2!3d13.9646552!4d100.5867095!15sCiLguKvguKXguLHguIHguKvguIEg4LiE4Liy4LmA4Lif4LmIWiUiI-C4q-C4peC4seC4gSDguKvguIEg4LiE4Liy4LmA4Lif4LmIkgEEY2FmZaoBYRABKhMiD-C4hOC4suC5gOC4n-C5iCg1Mh8QASIbSetw9eXRcCgPLrso5BW70jpGdNgy-liAhk3DMicQAiIj4Lir4Lil4Lix4LiBIOC4q-C4gSDguITguLLguYDguJ_guYjgAQA!16s%2Fg%2F11g5zxhm0f?entry=ttu&g_ep=EgoyMDI1MDUwNy4wIKXMDSoJLDEwMjExNDU1SAFQAw%3D%3D",,,,,oc_354,ci_354,option_354,review_352,rakhok,3.0001149904352693,2.2242411799527955,0.637976357731364
พิมพ์ พลอย คาเฟ่ กาแฟโบราณสูตรเข้มข้นเมืองเอก,13.9608559,100.5777964,"https://www.google.com/maps/place/%E0%B8%9E%E0%B8%B4%E0%B8%A1%E0%B8%9E%E0%B9%8C+%E0%B8%9E%E0%B8%A5%E0%B8%AD%E0%B8%A2+%E0%B8%84%E0%B8%B2%E0%B9%80%E0%B8%9F%E0%B9%88+%E0%B8%81%E0%B8%B2%E0%B9%81%E0%B8%9F%E0%B9%82%E0%B8%9A%E0%B8%A3%E0%B8%B2%E0%B8%93%E0%B8%AA%E0%B8%B9%E0%B8%95%E0%B8%A3%E0%B9%80%E0%B8%82%E0%B9%89%E0%B8%A1%E0%B8%82%E0%B9%89%E0%B8%99%E0%B9%80%E0%B8%A1%E0%B8%B7%E0%B8%AD%E0%B8%87%E0%B9%80%E0%B8%AD%E0%B8%81/@13.9642412,100.5161845,13z/data=!4m11!1m3!2m2!1z4Lir4Lil4Lix4LiB4Lir4LiBIOC4hOC4suC5gOC4n-C5iA!6e5!3m6!1s0x30e283c88a18f651:0x146fd838d993ff47!8m2!3d13.9608559!4d100.5777964!15sCiLguKvguKXguLHguIHguKvguIEg4LiE4Liy4LmA4Lif4LmIWiUiI-C4q-C4peC4seC4gSDguKvguIEg4LiE4Liy4LmA4Lif4LmIkgELY29mZmVlX3Nob3CqAWEQASoTIg_guITguLLguYDguJ_guYgoNTIfEAEiG0nrcPXl0XAoDy67KOQVu9I6RnTYMvpYgIZNwzInEAIiI-C4q-C4peC4seC4gSDguKvguIEg4LiE4Liy4LmA4Lif4LmI4AEA!16s%2Fg%2F11t2rbyhst?entry=ttu&g_ep=EgoyMDI1MDUwNy4wIKXMDSoJLDEwMjExNDU1SAFQAw%3D%3D",5.0,1.0,,,oc_355,ci_355,option_355,review_355,rakhok,3.773381022487602,3.164744591764046,1.681027333542594
JJ coffee &juice น้ำดื่ม,13.9645125,100.5943521,"https://www.google.com/maps/place/JJ+coffee+%26juice+%E0%B8%99%E0%B9%89%E0%B8%B3%E0%B8%94%E0%B8%B7%E0%B9%88%E0%B8%A1/@13.9642412,100.5161845,13z/data=!4m11!1m3!2m2!1z4Lir4Lil4Lix4LiB4Lir4LiBIOC4hOC4suC5gOC4n-C5iA!6e5!3m6!1s0x30e2819386c84a01:0x715f707da72c97a!8m2!3d13.9645125!4d100.5943521!15sCiLguKvguKXguLHguIHguKvguIEg4LiE4Liy4LmA4Lif4LmIWiUiI-C4q-C4peC4seC4gSDguKvguIEg4LiE4Liy4LmA4Lif4LmIkgEEY2FmZaoBYRABKhMiD-C4hOC4suC5gOC4n-C5iCg1Mh8QASIbSetw9eXRcCgPLrso5BW70jpGdNgy-liAhk3DMicQAiIj4Lir4Lil4Lix4LiBIOC4q-C4gSDguITguLLguYDguJ_guYjgAQA!16s%2Fg%2F11j2xdk_3p?entry=ttu&g_ep=EgoyMDI1MDUwNy4wIKXMDSoJLDEwMjExNDU1SAFQAw%3D%3D",4.0,1.0,,,oc_356,ci_356,option_356,review_356,rakhok,2.881404254971531,1.9018273686592595,0.25475384264883144
Inthanin Coffee,13.9653809,100.587134,"https://www.google.com/maps/place/Inthanin+Coffee/@13.9642412,100.5161845,13z/data=!4m11!1m3!2m2!1z4Lir4Lil4Lix4LiB4Lir4LiBIOC4hOC4suC5gOC4n-C5iA!6e5!3m6!1s0x30e28188bfc98dd1:0x74df171e5654755e!8m2!3d13.9653809!4d100.587134!15sCiLguKvguKXguLHguIHguKvguIEg4LiE4Liy4LmA4Lif4LmIWiUiI-C4q-C4peC4seC4gSDguKvguIEg4LiE4Liy4LmA4Lif4LmIkgELY29mZmVlX3Nob3CqAWEQASoTIg_guITguLLguYDguJ_guYgoNTIfEAEiG0nrcPXl0XAoDy67KOQVu9I6RnTYMvpYgIZNwzInEAIiI-C4q-C4peC4seC4gSDguKvguIEg4LiE4Liy4LmA4Lif4LmI4AEA!16s%2Fg%2F11cns4t96j?entry=ttu&g_ep=EgoyMDI1MDUwNy4wIKXMDSoJLDEwMjExNDU1SAFQAw%3D%3D",4.2,6.0,,,oc_357,ci_357,option_357,review_357,rakhok,2.909525391455524,2.131783966430194,0.5797534065657213
Gogi Smoothie Bar,13.9672707,100.5907282,"https://www.google.com/maps/place/Gogi+Smoothie+Bar/@13.9646569,100.5741683,15.04z/data=!4m11!1m3!2m2!1z4Lir4Lil4Lix4LiB4Lir4LiBIOC4hOC4suC5gOC4n-C5iA!6e5!3m6!1s0x30e299903aed672b:0x4944412c775e2a36!8m2!3d13.9672707!4d100.5907282!15sCiLguKvguKXguLHguIHguKvguIEg4LiE4Liy4LmA4Lif4LmIWiUiI-C4q-C4peC4seC4gSDguKvguIEg4LiE4Liy4LmA4Lif4LmIkgEEY2FmZaoBYRABKhMiD-C4hOC4suC5gOC4n-C5iCg1Mh8QASIbSetw9eXRcCgPLrso5BW70jpGdNgy-liAhk3DMicQAiIj4Lir4Lil4Lix4LiBIOC4q-C4gSDguITguLLguYDguJ_guYjgAQA!16s%2Fg%2F11j14058rs?entry=ttu&g_ep=EgoyMDI1MDUwNy4wIKXMDSoJLDEwMjExNDU1SAFQAw%3D%3D",,,,,oc_358,ci_358,option_358,review_357,rakhok,2.6142511735612857,1.750308537364925,0.24224857183236742
Kraft salad & pasta สาขาเมืองเอก,13.977282,100.5942283,"https://www.google.com/maps/place/Kraft+salad+%26+pasta+%E0%B8%AA%E0%B8%B2%E0%B8%82%E0%B8%B2%E0%B9%80%E0%B8%A1%E0%B8%B7%E0%B8%AD%E0%B8%87%E0%B9%80%E0%B8%AD%E0%B8%81/@13.9646569,100.5741683,15.04z/data=!4m11!1m3!2m2!1z4Lir4Lil4Lix4LiB4Lir4LiBIOC4hOC4suC5gOC4n-C5iA!6e5!3m6!1s0x30e2832fe1709cd5:0x9f0eea8671bcb12f!8m2!3d13.977282!4d100.5942283!15sCiLguKvguKXguLHguIHguKvguIEg4LiE4Liy4LmA4Lif4LmIWiUiI-C4q-C4peC4seC4gSDguKvguIEg4LiE4Liy4LmA4Lif4LmIkgEKcmVzdGF1cmFudKoBYRABKhMiD-C4hOC4suC5gOC4n-C5iCg1Mh8QASIbSetw9eXRcCgPLrso5BW70jpGdNgy-liAhk3DMicQAiIj4Lir4Lil4Lix4LiBIOC4q-C4gSDguITguLLguYDguJ_guYjgAQA!16s%2Fg%2F11rkdb36rg?entry=ttu&g_ep=EgoyMDI1MDUwNy4wIKXMDSoJLDEwMjExNDU1SAFQAw%3D%3D",4.9,16.0,฿100-200 ต่อคน,8.0,oc_359,ci_359,option_359,review_359,rakhok,1.4629052577509376,0.6193303640834882,1.27881502110583
Cafe Teddy Town (คาเฟ่ เท็ดดี้ ทาวน์),13.962934,100.5870411,"https://www.google.com/maps/place/Cafe+Teddy+Town+(%E0%B8%84%E0%B8%B2%E0%B9%80%E0%B8%9F%E0%B9%88+%E0%B9%80%E0%B8%97%E0%B9%87%E0%B8%94%E0%B8%94%E0%B8%B5%E0%B9%89+%E0%B8%97%E0%B8%B2%E0%B8%A7%E0%B8%99%E0%B9%8C)/@13.9646569,100.5741683,15.04z/data=!4m11!1m3!2m2!1z4Lir4Lil4Lix4LiB4Lir4LiBIOC4hOC4suC5gOC4n-C5iA!6e5!3m6!1s0x30e281886919fb2d:0xc83ae1704b10fbe8!8m2!3d13.962934!4d100.5870411!15sCiLguKvguKXguLHguIHguKvguIEg4LiE4Liy4LmA4Lif4LmIWiUiI-C4q-C4peC4seC4gSDguKvguIEg4LiE4Liy4LmA4Lif4LmIkgEEY2FmZaoBYRABKhMiD-C4hOC4suC5gOC4n-C5iCg1Mh8QASIbSetw9eXRcCgPLrso5BW70jpGdNgy-liAhk3DMicQAiIj4Lir4Lil4Lix4LiBIOC4q-C4gSDguITguLLguYDguJ_guYjgAQA!16s%2Fg%2F11d_7hcwj6?entry=ttu&g_ep=EgoyMDI1MDUwNy4wIKXMDSoJLDEwMjExNDU1SAFQAw%3D%3D",5.0,2.0,,,oc_360,ci_360,option_360,review_360,rakhok,3.173550372110186,2.366110685255077,0.6735454578186025
SaM SteakandMore,13.9656334,100.596975,"https://www.google.com/maps/place/SaM+SteakandMore/@13.9646569,100.5741683,15.04z/data=!4m11!1m3!2m2!1z4Lir4Lil4Lix4LiB4Lir4LiBIOC4hOC4suC5gOC4n-C5iA!6e5!3m6!1s0x30e2818b43b28d81:0xd336c99a5d5755a0!8m2!3d13.9656334!4d100.596975!15sCiLguKvguKXguLHguIHguKvguIEg4LiE4Liy4LmA4Lif4LmIWiUiI-C4q-C4peC4seC4gSDguKvguIEg4LiE4Liy4LmA4Lif4LmIkgEKcmVzdGF1cmFudKoBYRABKhMiD-C4hOC4suC5gOC4n-C5iCg1Mh8QASIbSetw9eXRcCgPLrso5BW70jpGdNgy-liAhk3DMicQAiIj4Lir4Lil4Lix4LiBIOC4q-C4gSDguITguLLguYDguJ_guYjgAQA!16s%2Fg%2F12qgjj2fm?entry=ttu&g_ep=EgoyMDI1MDUwNy4wIKXMDSoJLDEwMjExNDU1SAFQAw%3D%3D",4.4,1005.0,฿100-200 ต่อคน,120.0,oc_361,ci_361,option_361,review_361,rakhok,2.7645130938578863,1.7342205029778077,0.486088591453612
Tian Mi Tang,13.9662119,100.589062,"https://www.google.com/maps/place/Tian+Mi+Tang/@13.9662119,100.5700076,15z/data=!4m11!1m3!2m2!1z4Lir4Lil4Lix4LiB4Lir4LiBIOC4hOC4suC5gOC4n-C5iA!6e5!3m6!1s0x30e28100037146e5:0xe821a6dc50534482!8m2!3d13.9662119!4d100.589062!15sCiLguKvguKXguLHguIHguKvguIEg4LiE4Liy4LmA4Lif4LmIWiUiI-C4q-C4peC4seC4gSDguKvguIEg4LiE4Liy4LmA4Lif4LmIkgEEY2FmZaoBYRABKhMiD-C4hOC4suC5gOC4n-C5iCg1Mh8QASIbSetw9eXRcCgPLrso5BW70jpGdNgy-liAhk3DMicQAiIj4Lir4Lil4Lix4LiBIOC4q-C4gSDguITguLLguYDguJ_guYjgAQA!16s%2Fg%2F11vqh3ls90?entry=ttu&g_ep=EgoyMDI1MDUwNy4wIKXMDSoJLDEwMjExNDU1SAFQAw%3D%3D",5.0,2.0,,,oc_362,ci_362,option_362,review_362,rakhok,2.766045166186177,1.9413692736207062,0.3702955680381017
ร้านกับข้าวกับปลา,13.9648998,100.5944744,"https://www.google.com/maps/place/%E0%B8%A3%E0%B9%89%E0%B8%B2%E0%B8%99%E0%B8%81%E0%B8%B1%E0%B8%9A%E0%B8%82%E0%B9%89%E0%B8%B2%E0%B8%A7%E0%B8%81%E0%B8%B1%E0%B8%9A%E0%B8%9B%E0%B8%A5%E0%B8%B2/@13.9662119,100.5700076,15z/data=!4m11!1m3!2m2!1z4Lir4Lil4Lix4LiB4Lir4LiBIOC4hOC4suC5gOC4n-C5iA!6e5!3m6!1s0x30e2818b0adc2be9:0x5aa7bba8d0b6b34d!8m2!3d13.9648998!4d100.5944744!15sCiLguKvguKXguLHguIHguKvguIEg4LiE4Liy4LmA4Lif4LmIWiUiI-C4q-C4peC4seC4gSDguKvguIEg4LiE4Liy4LmA4Lif4LmIkgEKcmVzdGF1cmFudKoBYRABKhMiD-C4hOC4suC5gOC4n-C5iCg1Mh8QASIbSetw9eXRcCgPLrso5BW70jpGdNgy-liAhk3DMicQAiIj4Lir4Lil4Lix4LiBIOC4q-C4gSDguITguLLguYDguJ_guYjgAQA!16s%2Fg%2F11c6t8yl4p?entry=ttu&g_ep=EgoyMDI1MDUwNy4wIKXMDSoJLDEwMjExNDU1SAFQAw%3D%3D",4.9,40.0,"฿1,000+ ต่อคน",15.0,oc_400,ci_400,option_400,review_400,rakhok,2.8380724988160946,1.8568959823094555,0.24270154659958323
Cheese and Tomato - Italian Kitchen,13.964725,100.59314,"https://www.google.com/maps/place/Cheese+and+Tomato+-+Italian+Kitchen/@13.9662119,100.5700076,15z/data=!4m11!1m3!2m2!1z4Lir4Lil4Lix4LiB4Lir4LiBIOC4hOC4suC5gOC4n-C5iA!6e5!3m6!1s0x30e2814096da97af:0x37cd8b075ff3c3e3!8m2!3d13.964725!4d100.59314!15sCiLguKvguKXguLHguIHguKvguIEg4LiE4Liy4LmA4Lif4LmIWiUiI-C4q-C4peC4seC4gSDguKvguIEg4LiE4Liy4LmA4Lif4LmIkgESaXRhbGlhbl9yZXN0YXVyYW50qgFhEAEqEyIP4LiE4Liy4LmA4Lif4LmIKDUyHxABIhtJ63D15dFwKA8uuyjkFbvSOkZ02DL6WICGTcMyJxACIiPguKvguKXguLHguIEg4Lir4LiBIOC4hOC4suC5gOC4n-C5iOABAA!16s%2Fg%2F11q9rs3dxf?entry=ttu&g_ep=EgoyMDI1MDUwNy4wIKXMDSoJLDEwMjExNDU1SAFQAw%3D%3D",4.6,164.0,,,oc_401,ci_401,option_401,review_401,rakhok,2.8638011679936963,1.9129733971367957,0.1495587481763696
oni milk & tea ม.รังสิต สาขา 1,13.9660964,100.5886529,"https://www.google.com/maps/place/oni+milk+%26+tea+%E0%B8%A1.%E0%B8%A3%E0%B8%B1%E0%B8%87%E0%B8%AA%E0%B8%B4%E0%B8%95+%E0%B8%AA%E0%B8%B2%E0%B8%82%E0%B8%B2+1/@13.9662119,100.5700076,15z/data=!4m11!1m3!2m2!1z4Lir4Lil4Lix4LiB4Lir4LiBIOC4hOC4suC5gOC4n-C5iA!6e5!3m6!1s0x30e28102c597d189:0x4bddb1380af8d3b4!8m2!3d13.9660964!4d100.5886529!15sCiLguKvguKXguLHguIHguKvguIEg4LiE4Liy4LmA4Lif4LmIWiUiI-C4q-C4peC4seC4gSDguKvguIEg4LiE4Liy4LmA4Lif4LmIkgELY29mZmVlX3Nob3CqAWEQASoTIg_guITguLLguYDguJ_guYgoNTIfEAEiG0nrcPXl0XAoDy67KOQVu9I6RnTYMvpYgIZNwzInEAIiI-C4q-C4peC4seC4gSDguKvguIEg4LiE4Liy4LmA4Lif4LmI4AEA!16s%2Fg%2F11q27n4whx?entry=ttu&g_ep=EgoyMDI1MDUwNy4wIKXMDSoJLDEwMjExNDU1SAFQAw%3D%3D",5.0,1.0,,,oc_402,ci_402,option_402,review_402,rakhok,2.788996933223091,1.9753727797873426,0.413423657677737
บ้านคนรักดนตรี by BongBong นมสด,13.9662186,100.5892496,"https://www.google.com/maps/place/%E0%B8%9A%E0%B9%89%E0%B8%B2%E0%B8%99%E0%B8%84%E0%B8%99%E0%B8%A3%E0%B8%B1%E0%B8%81%E0%B8%94%E0%B8%99%E0%B8%95%E0%B8%A3%E0%B8%B5+by+BongBong+%E0%B8%99%E0%B8%A1%E0%B8%AA%E0%B8%94/@13.9662119,100.5700076,15z/data=!4m11!1m3!2m2!1z4Lir4Lil4Lix4LiB4Lir4LiBIOC4hOC4suC5gOC4n-C5iA!6e5!3m6!1s0x30e281892e6441ab:0x7931f593d0bb7543!8m2!3d13.9662186!4d100.5892496!15sCiLguKvguKXguLHguIHguKvguIEg4LiE4Liy4LmA4Lif4LmIWiUiI-C4q-C4peC4seC4gSDguKvguIEg4LiE4Liy4LmA4Lif4LmIkgEEY2FmZaoBYRABKhMiD-C4hOC4suC5gOC4n-C5iCg1Mh8QASIbSetw9eXRcCgPLrso5BW70jpGdNgy-liAhk3DMicQAiIj4Lir4Lil4Lix4LiBIOC4q-C4gSDguITguLLguYDguJ_guYjgAQA!16s%2Fg%2F11c3_9dhr6?entry=ttu&g_ep=EgoyMDI1MDUwNy4wIKXMDSoJLDEwMjExNDU1SAFQAw%3D%3D",,,,,oc_403,ci_403,option_403,review_402,rakhok,2.7607269116908695,1.9303725749832616,0.35021462401457354
ร้าน บังมูครัวมุสลิม ฮาลาล,13.965209,100.595155,"https://www.google.com/maps/place/%E0%B8%A3%E0%B9%89%E0%B8%B2%E0%B8%99+%E0%B8%9A%E0%B8%B1%E0%B8%87%E0%B8%A1%E0%B8%B9%E0%B8%84%E0%B8%A3%E0%B8%B1%E0%B8%A7%E0%B8%A1%E0%B8%B8%E0%B8%AA%E0%B8%A5%E0%B8%B4%E0%B8%A1+%E0%B8%AE%E0%B8%B2%E0%B8%A5%E0%B8%B2%E0%B8%A5/@13.965209,100.5761006,15z/data=!4m11!1m3!2m2!1z4Lir4Lil4Lix4LiB4Lir4LiBIOC4hOC4suC5gOC4n-C5iA!6e5!3m6!1s0x30e281415ec091a9:0xe48ef479cdb064dd!8m2!3d13.965209!4d100.595155!15sCiLguKvguKXguLHguIHguKvguIEg4LiE4Liy4LmA4Lif4LmIWiUiI-C4q-C4peC4seC4gSDguKvguIEg4LiE4Liy4LmA4Lif4LmIkgEQaGFsYWxfcmVzdGF1cmFudKoBYRABKhMiD-C4hOC4suC5gOC4n-C5iCg1Mh8QASIbSetw9eXRcCgPLrso5BW70jpGdNgy-liAhk3DMicQAiIj4Lir4Lil4Lix4LiBIOC4q-C4gSDguITguLLguYDguJ_guYjgAQA!16s%2Fg%2F11pf3l2vjh?entry=ttu&g_ep=EgoyMDI1MDUwNy4wIKXMDSoJLDEwMjExNDU1SAFQAw%3D%3D",4.9,17.0,฿1-100 ต่อคน,8.0,oc_404,ci_404,option_404,review_404,rakhok,2.8032685607254915,1.8080451027137885,0.29899909955361537
ร้านอาหาร หัวหิน (เมืองเอก รังสิต),13.9729919,100.5867721,"https://www.google.com/maps/place/%E0%B8%A3%E0%B9%89%E0%B8%B2%E0%B8%99%E0%B8%AD%E0%B8%B2%E0%B8%AB%E0%B8%B2%E0%B8%A3+%E0%B8%AB%E0%B8%B1%E0%B8%A7%E0%B8%AB%E0%B8%B4%E0%B8%99+(%E0%B9%80%E0%B8%A1%E0%B8%B7%E0%B8%AD%E0%B8%87%E0%B9%80%E0%B8%AD%E0%B8%81+%E0%B8%A3%E0%B8%B1%E0%B8%87%E0%B8%AA%E0%B8%B4%E0%B8%95)/@13.965209,100.5761006,15z/data=!4m11!1m3!2m2!1z4Lir4Lil4Lix4LiB4Lir4LiBIOC4hOC4suC5gOC4n-C5iA!6e5!3m6!1s0x30e281900e166239:0x37e3636c05189581!8m2!3d13.9729919!4d100.5867721!15sCiLguKvguKXguLHguIHguKvguIEg4LiE4Liy4LmA4Lif4LmIWiUiI-C4q-C4peC4seC4gSDguKvguIEg4LiE4Liy4LmA4Lif4LmIkgEKcmVzdGF1cmFudKoBYRABKhMiD-C4hOC4suC5gOC4n-C5iCg1Mh8QASIbSetw9eXRcCgPLrso5BW70jpGdNgy-liAhk3DMicQAiIj4Lir4Lil4Lix4LiBIOC4q-C4gSDguITguLLguYDguJ_guYjgAQA!16s%2Fg%2F11dxdk0w0r?entry=ttu&g_ep=EgoyMDI1MDUwNy4wIKXMDSoJLDEwMjExNDU1SAFQAw%3D%3D",4.3,70.0,,,oc_405,ci_405,option_405,review_405,rakhok,2.1299550223102126,1.544097800017389,0.9999179257442171
The Best Cafe & Restaurant,13.964709,100.7270447,"https://www.google.com/maps/place/The+Best+Cafe+%26+Restaurant/@13.964709,100.7079903,15z/data=!4m11!1m3!2m2!1z4Lir4Lil4Lix4LiB4Lir4LiBIOC4hOC4suC5gOC4n-C5iA!6e5!3m6!1s0x311d790029882415:0x6c250ea83dcf5fd0!8m2!3d13.964709!4d100.7270447!15sCiLguKvguKXguLHguIHguKvguIEg4LiE4Liy4LmA4Lif4LmIWiUiI-C4q-C4peC4seC4gSDguKvguIEg4LiE4Liy4LmA4Lif4LmIkgELY29mZmVlX3Nob3CqAWEQASoTIg_guITguLLguYDguJ_guYgoNTIfEAEiG0nrcPXl0XAoDy67KOQVu9I6RnTYMvpYgIZNwzInEAIiI-C4q-C4peC4seC4gSDguKvguIEg4LiE4Liy4LmA4Lif4LmI4AEA!16s%2Fg%2F11y3cppxyw?entry=ttu&g_ep=EgoyMDI1MDUwNy4wIKXMDSoJLDEwMjExNDU1SAFQAw%3D%3D",4.7,21.0,,,oc_406,ci_406,option_406,review_406,rakhok,14.535508342473287,14.008597687611942,14.521356144323017
หมูกระทะเมืองเอก ต้นตำรับ10ปี โดยคุณกอล์ฟ,13.9637058,100.595637,"https://www.google.com/maps/place/%E0%B8%AB%E0%B8%A1%E0%B8%B9%E0%B8%81%E0%B8%A3%E0%B8%B0%E0%B8%97%E0%B8%B0%E0%B9%80%E0%B8%A1%E0%B8%B7%E0%B8%AD%E0%B8%87%E0%B9%80%E0%B8%AD%E0%B8%81+%E0%B8%95%E0%B9%89%E0%B8%99%E0%B8%95%E0%B8%B3%E0%B8%A3%E0%B8%B1%E0%B8%9A10%E0%B8%9B%E0%B8%B5+%E0%B9%82%E0%B8%94%E0%B8%A2%E0%B8%84%E0%B8%B8%E0%B8%93%E0%B8%81%E0%B8%AD%E0%B8%A5%E0%B9%8C%E0%B8%9F/@13.9637058,100.5765826,15z/data=!4m11!1m3!2m2!1z4Lir4Lil4Lix4LiB4Lir4LiBIOC4hOC4suC5gOC4n-C5iA!6e5!3m6!1s0x30e28175526f9799:0xf685b85fb78aa6ea!8m2!3d13.9637058!4d100.595637!15sCiLguKvguKXguLHguIHguKvguIEg4LiE4Liy4LmA4Lif4LmIWiUiI-C4q-C4peC4seC4gSDguKvguIEg4LiE4Liy4LmA4Lif4LmIkgEKcmVzdGF1cmFudKoBYRABKhMiD-C4hOC4suC5gOC4n-C5iCg1Mh8QASIbSetw9eXRcCgPLrso5BW70jpGdNgy-liAhk3DMicQAiIj4Lir4Lil4Lix4LiBIOC4q-C4gSDguITguLLguYDguJ_guYjgAQA!16s%2Fg%2F11llrdp2y2?entry=ttu&g_ep=EgoyMDI1MDUwNy4wIKXMDSoJLDEwMjExNDU1SAFQAw%3D%3D",4.6,52.0,฿100-200 ต่อคน,19.0,oc_407,ci_407,option_407,review_407,rakhok,2.971224557247882,1.9640331717798716,0.41956910472341896
