id_customer_main,customer,customer_day
,,
ci_190,โดยปกติแล้วเวลา 06:00 จะมีลูกค้าประมาณ 0% เทียบกับช่วงเวลาที่มีลูกค้ามากที่สุด,วันอาทิตย์
ci_190,โดยปกติแล้วเวลา 07:00 จะมีลูกค้าประมาณ 0% เทียบกับช่วงเวลาที่มีลูกค้ามากที่สุด,วันอาทิตย์
ci_190,โดยปกติแล้วเวลา 08:00 จะมีลูกค้าประมาณ 0% เทียบกับช่วงเวลาที่มีลูกค้ามากที่สุด,วันอาทิตย์
ci_190,โดยปกติแล้วเวลา 09:00 จะมีลูกค้าประมาณ 23% เทียบกับช่วงเวลาที่มีลูกค้ามากที่สุด,วันอาทิตย์
ci_190,โดยปกติแล้วเวลา 10:00 จะมีลูกค้าประมาณ 33% เทียบกับช่วงเวลาที่มีลูกค้ามากที่สุด,วันอาทิตย์
ci_190,โดยปกติแล้วเวลา 11:00 จะมีลูกค้าประมาณ 47% เทียบกับช่วงเวลาที่มีลูกค้ามากที่สุด,วันอาทิตย์
ci_190,โดยปกติแล้วเวลา 12:00 จะมีลูกค้าประมาณ 66% เทียบกับช่วงเวลาที่มีลูกค้ามากที่สุด,วันอาทิตย์
ci_190,โดยปกติแล้วเวลา 13:00 จะมีลูกค้าประมาณ 80% เทียบกับช่วงเวลาที่มีลูกค้ามากที่สุด,วันอาทิตย์
ci_190,โดยปกติแล้วเวลา 14:00 จะมีลูกค้าประมาณ 80% เทียบกับช่วงเวลาที่มีลูกค้ามากที่สุด,วันอาทิตย์
ci_190,โดยปกติแล้วเวลา 15:00 จะมีลูกค้าประมาณ 61% เทียบกับช่วงเวลาที่มีลูกค้ามากที่สุด,วันอาทิตย์
ci_190,โดยปกติแล้วเวลา 16:00 จะมีลูกค้าประมาณ 38% เทียบกับช่วงเวลาที่มีลูกค้ามากที่สุด,วันอาทิตย์
ci_190,โดยปกติแล้วเวลา 17:00 จะมีลูกค้าประมาณ 28% เทียบกับช่วงเวลาที่มีลูกค้ามากที่สุด,วันอาทิตย์
ci_190,โดยปกติแล้วเวลา 18:00 จะมีลูกค้าประมาณ 33% เทียบกับช่วงเวลาที่มีลูกค้ามากที่สุด,วันอาทิตย์
ci_190,โดยปกติแล้วเวลา 19:00 จะมีลูกค้าประมาณ 42% เทียบกับช่วงเวลาที่มีลูกค้ามากที่สุด,วันอาทิตย์
ci_190,โดยปกติแล้วเวลา 20:00 จะมีลูกค้าประมาณ 47% เทียบกับช่วงเวลาที่มีลูกค้ามากที่สุด,วันอาทิตย์
ci_190,โดยปกติแล้วเวลา 21:00 จะมีลูกค้าประมาณ 47% เทียบกับช่วงเวลาที่มีลูกค้ามากที่สุด,วันอาทิตย์
ci_190,โดยปกติแล้วเวลา 22:00 จะมีลูกค้าประมาณ 28% เทียบกับช่วงเวลาที่มีลูกค้ามากที่สุด,วันอาทิตย์
ci_190,โดยปกติแล้วเวลา 23:00 จะมีลูกค้าประมาณ 0% เทียบกับช่วงเวลาที่มีลูกค้ามากที่สุด,วันอาทิตย์
ci_190,โดยปกติแล้วเวลา 06:00 จะมีลูกค้าประมาณ 0% เทียบกับช่วงเวลาที่มีลูกค้ามากที่สุด,วันจันทร์
ci_190,โดยปกติแล้วเวลา 07:00 จะมีลูกค้าประมาณ 0% เทียบกับช่วงเวลาที่มีลูกค้ามากที่สุด,วันจันทร์
ci_190,โดยปกติแล้วเวลา 08:00 จะมีลูกค้าประมาณ 0% เทียบกับช่วงเวลาที่มีลูกค้ามากที่สุด,วันจันทร์
ci_190,โดยปกติแล้วเวลา 09:00 จะมีลูกค้าประมาณ 14% เทียบกับช่วงเวลาที่มีลูกค้ามากที่สุด,วันจันทร์
ci_190,โดยปกติแล้วเวลา 10:00 จะมีลูกค้าประมาณ 19% เทียบกับช่วงเวลาที่มีลูกค้ามากที่สุด,วันจันทร์
ci_190,โดยปกติแล้วเวลา 11:00 จะมีลูกค้าประมาณ 33% เทียบกับช่วงเวลาที่มีลูกค้ามากที่สุด,วันจันทร์
ci_190,โดยปกติแล้วเวลา 12:00 จะมีลูกค้าประมาณ 28% เทียบกับช่วงเวลาที่มีลูกค้ามากที่สุด,วันจันทร์
ci_190,โดยปกติแล้วเวลา 13:00 จะมีลูกค้าประมาณ 23% เทียบกับช่วงเวลาที่มีลูกค้ามากที่สุด,วันจันทร์
ci_190,โดยปกติแล้วเวลา 14:00 จะมีลูกค้าประมาณ 19% เทียบกับช่วงเวลาที่มีลูกค้ามากที่สุด,วันจันทร์
ci_190,โดยปกติแล้วเวลา 15:00 จะมีลูกค้าประมาณ 28% เทียบกับช่วงเวลาที่มีลูกค้ามากที่สุด,วันจันทร์
ci_190,โดยปกติแล้วเวลา 16:00 จะมีลูกค้าประมาณ 33% เทียบกับช่วงเวลาที่มีลูกค้ามากที่สุด,วันจันทร์
ci_190,โดยปกติแล้วเวลา 17:00 จะมีลูกค้าประมาณ 38% เทียบกับช่วงเวลาที่มีลูกค้ามากที่สุด,วันจันทร์
ci_190,โดยปกติแล้วเวลา 18:00 จะมีลูกค้าประมาณ 47% เทียบกับช่วงเวลาที่มีลูกค้ามากที่สุด,วันจันทร์
ci_190,โดยปกติแล้วเวลา 19:00 จะมีลูกค้าประมาณ 38% เทียบกับช่วงเวลาที่มีลูกค้ามากที่สุด,วันจันทร์
ci_190,โดยปกติแล้วเวลา 20:00 จะมีลูกค้าประมาณ 28% เทียบกับช่วงเวลาที่มีลูกค้ามากที่สุด,วันจันทร์
ci_190,โดยปกติแล้วเวลา 21:00 จะมีลูกค้าประมาณ 19% เทียบกับช่วงเวลาที่มีลูกค้ามากที่สุด,วันจันทร์
ci_190,โดยปกติแล้วเวลา 22:00 จะมีลูกค้าประมาณ 19% เทียบกับช่วงเวลาที่มีลูกค้ามากที่สุด,วันจันทร์
ci_190,โดยปกติแล้วเวลา 23:00 จะมีลูกค้าประมาณ 0% เทียบกับช่วงเวลาที่มีลูกค้ามากที่สุด,วันจันทร์
ci_190,โดยปกติแล้วเวลา 06:00 จะมีลูกค้าประมาณ 0% เทียบกับช่วงเวลาที่มีลูกค้ามากที่สุด,วันอังคาร
ci_190,โดยปกติแล้วเวลา 07:00 จะมีลูกค้าประมาณ 0% เทียบกับช่วงเวลาที่มีลูกค้ามากที่สุด,วันอังคาร
ci_190,โดยปกติแล้วเวลา 08:00 จะมีลูกค้าประมาณ 0% เทียบกับช่วงเวลาที่มีลูกค้ามากที่สุด,วันอังคาร
ci_190,โดยปกติแล้วเวลา 09:00 จะมีลูกค้าประมาณ 33% เทียบกับช่วงเวลาที่มีลูกค้ามากที่สุด,วันอังคาร
ci_190,โดยปกติแล้วเวลา 10:00 จะมีลูกค้าประมาณ 28% เทียบกับช่วงเวลาที่มีลูกค้ามากที่สุด,วันอังคาร
ci_190,โดยปกติแล้วเวลา 11:00 จะมีลูกค้าประมาณ 38% เทียบกับช่วงเวลาที่มีลูกค้ามากที่สุด,วันอังคาร
ci_190,โดยปกติแล้วเวลา 12:00 จะมีลูกค้าประมาณ 52% เทียบกับช่วงเวลาที่มีลูกค้ามากที่สุด,วันอังคาร
ci_190,โดยปกติแล้วเวลา 13:00 จะมีลูกค้าประมาณ 52% เทียบกับช่วงเวลาที่มีลูกค้ามากที่สุด,วันอังคาร
ci_190,โดยปกติแล้วเวลา 14:00 จะมีลูกค้าประมาณ 66% เทียบกับช่วงเวลาที่มีลูกค้ามากที่สุด,วันอังคาร
ci_190,โดยปกติแล้วเวลา 15:00 จะมีลูกค้าประมาณ 90% เทียบกับช่วงเวลาที่มีลูกค้ามากที่สุด,วันอังคาร
ci_190,โดยปกติแล้วเวลา 16:00 จะมีลูกค้าประมาณ 80% เทียบกับช่วงเวลาที่มีลูกค้ามากที่สุด,วันอังคาร
ci_190,โดยปกติแล้วเวลา 17:00 จะมีลูกค้าประมาณ 42% เทียบกับช่วงเวลาที่มีลูกค้ามากที่สุด,วันอังคาร
ci_190,โดยปกติแล้วเวลา 18:00 จะมีลูกค้าประมาณ 19% เทียบกับช่วงเวลาที่มีลูกค้ามากที่สุด,วันอังคาร
ci_190,โดยปกติแล้วเวลา 19:00 จะมีลูกค้าประมาณ 9% เทียบกับช่วงเวลาที่มีลูกค้ามากที่สุด,วันอังคาร
ci_190,โดยปกติแล้วเวลา 20:00 จะมีลูกค้าประมาณ 23% เทียบกับช่วงเวลาที่มีลูกค้ามากที่สุด,วันอังคาร
ci_190,โดยปกติแล้วเวลา 21:00 จะมีลูกค้าประมาณ 33% เทียบกับช่วงเวลาที่มีลูกค้ามากที่สุด,วันอังคาร
ci_190,โดยปกติแล้วเวลา 22:00 จะมีลูกค้าประมาณ 23% เทียบกับช่วงเวลาที่มีลูกค้ามากที่สุด,วันอังคาร
ci_190,โดยปกติแล้วเวลา 23:00 จะมีลูกค้าประมาณ 0% เทียบกับช่วงเวลาที่มีลูกค้ามากที่สุด,วันอังคาร
ci_190,โดยปกติแล้วเวลา 06:00 จะมีลูกค้าประมาณ 0% เทียบกับช่วงเวลาที่มีลูกค้ามากที่สุด,วันพุธ
ci_190,โดยปกติแล้วเวลา 07:00 จะมีลูกค้าประมาณ 0% เทียบกับช่วงเวลาที่มีลูกค้ามากที่สุด,วันพุธ
ci_190,โดยปกติแล้วเวลา 08:00 จะมีลูกค้าประมาณ 0% เทียบกับช่วงเวลาที่มีลูกค้ามากที่สุด,วันพุธ
ci_190,โดยปกติแล้วเวลา 09:00 จะมีลูกค้าประมาณ 57% เทียบกับช่วงเวลาที่มีลูกค้ามากที่สุด,วันพุธ
ci_190,โดยปกติแล้วเวลา 10:00 จะมีลูกค้าประมาณ 61% เทียบกับช่วงเวลาที่มีลูกค้ามากที่สุด,วันพุธ
ci_190,โดยปกติแล้วเวลา 11:00 จะมีลูกค้าประมาณ 38% เทียบกับช่วงเวลาที่มีลูกค้ามากที่สุด,วันพุธ
ci_190,โดยปกติแล้วเวลา 12:00 จะมีลูกค้าประมาณ 38% เทียบกับช่วงเวลาที่มีลูกค้ามากที่สุด,วันพุธ
ci_190,โดยปกติแล้วเวลา 13:00 จะมีลูกค้าประมาณ 23% เทียบกับช่วงเวลาที่มีลูกค้ามากที่สุด,วันพุธ
ci_190,โดยปกติแล้วเวลา 14:00 จะมีลูกค้าประมาณ 42% เทียบกับช่วงเวลาที่มีลูกค้ามากที่สุด,วันพุธ
ci_190,โดยปกติแล้วเวลา 15:00 จะมีลูกค้าประมาณ 47% เทียบกับช่วงเวลาที่มีลูกค้ามากที่สุด,วันพุธ
ci_190,โดยปกติแล้วเวลา 16:00 จะมีลูกค้าประมาณ 57% เทียบกับช่วงเวลาที่มีลูกค้ามากที่สุด,วันพุธ
ci_190,โดยปกติแล้วเวลา 17:00 จะมีลูกค้าประมาณ 61% เทียบกับช่วงเวลาที่มีลูกค้ามากที่สุด,วันพุธ
ci_190,โดยปกติแล้วเวลา 18:00 จะมีลูกค้าประมาณ 61% เทียบกับช่วงเวลาที่มีลูกค้ามากที่สุด,วันพุธ
ci_190,โดยปกติแล้วเวลา 19:00 จะมีลูกค้าประมาณ 61% เทียบกับช่วงเวลาที่มีลูกค้ามากที่สุด,วันพุธ
ci_190,โดยปกติแล้วเวลา 20:00 จะมีลูกค้าประมาณ 61% เทียบกับช่วงเวลาที่มีลูกค้ามากที่สุด,วันพุธ
ci_190,โดยปกติแล้วเวลา 21:00 จะมีลูกค้าประมาณ 52% เทียบกับช่วงเวลาที่มีลูกค้ามากที่สุด,วันพุธ
ci_190,โดยปกติแล้วเวลา 22:00 จะมีลูกค้าประมาณ 57% เทียบกับช่วงเวลาที่มีลูกค้ามากที่สุด,วันพุธ
ci_190,โดยปกติแล้วเวลา 23:00 จะมีลูกค้าประมาณ 0% เทียบกับช่วงเวลาที่มีลูกค้ามากที่สุด,วันพุธ
ci_190,โดยปกติแล้วเวลา 06:00 จะมีลูกค้าประมาณ 0% เทียบกับช่วงเวลาที่มีลูกค้ามากที่สุด,วันพฤหัสบดี
ci_190,โดยปกติแล้วเวลา 07:00 จะมีลูกค้าประมาณ 0% เทียบกับช่วงเวลาที่มีลูกค้ามากที่สุด,วันพฤหัสบดี
ci_190,โดยปกติแล้วเวลา 08:00 จะมีลูกค้าประมาณ 0% เทียบกับช่วงเวลาที่มีลูกค้ามากที่สุด,วันพฤหัสบดี
ci_190,โดยปกติแล้วเวลา 09:00 จะมีลูกค้าประมาณ 14% เทียบกับช่วงเวลาที่มีลูกค้ามากที่สุด,วันพฤหัสบดี
ci_190,โดยปกติแล้วเวลา 10:00 จะมีลูกค้าประมาณ 9% เทียบกับช่วงเวลาที่มีลูกค้ามากที่สุด,วันพฤหัสบดี
ci_190,โดยปกติแล้วเวลา 11:00 จะมีลูกค้าประมาณ 19% เทียบกับช่วงเวลาที่มีลูกค้ามากที่สุด,วันพฤหัสบดี
ci_190,โดยปกติแล้วเวลา 12:00 จะมีลูกค้าประมาณ 19% เทียบกับช่วงเวลาที่มีลูกค้ามากที่สุด,วันพฤหัสบดี
ci_190,โดยปกติแล้วเวลา 13:00 จะมีลูกค้าประมาณ 33% เทียบกับช่วงเวลาที่มีลูกค้ามากที่สุด,วันพฤหัสบดี
ci_190,โดยปกติแล้วเวลา 14:00 จะมีลูกค้าประมาณ 42% เทียบกับช่วงเวลาที่มีลูกค้ามากที่สุด,วันพฤหัสบดี
ci_190,โดยปกติแล้วเวลา 15:00 จะมีลูกค้าประมาณ 38% เทียบกับช่วงเวลาที่มีลูกค้ามากที่สุด,วันพฤหัสบดี
ci_190,โดยปกติแล้วเวลา 16:00 จะมีลูกค้าประมาณ 57% เทียบกับช่วงเวลาที่มีลูกค้ามากที่สุด,วันพฤหัสบดี
ci_190,โดยปกติแล้วเวลา 17:00 จะมีลูกค้าประมาณ 76% เทียบกับช่วงเวลาที่มีลูกค้ามากที่สุด,วันพฤหัสบดี
ci_190,โดยปกติแล้วเวลา 18:00 จะมีลูกค้าประมาณ 95% เทียบกับช่วงเวลาที่มีลูกค้ามากที่สุด,วันพฤหัสบดี
ci_190,โดยปกติแล้วเวลา 19:00 จะมีลูกค้าประมาณ 85% เทียบกับช่วงเวลาที่มีลูกค้ามากที่สุด,วันพฤหัสบดี
ci_190,โดยปกติแล้วเวลา 20:00 จะมีลูกค้าประมาณ 61% เทียบกับช่วงเวลาที่มีลูกค้ามากที่สุด,วันพฤหัสบดี
ci_190,โดยปกติแล้วเวลา 21:00 จะมีลูกค้าประมาณ 33% เทียบกับช่วงเวลาที่มีลูกค้ามากที่สุด,วันพฤหัสบดี
ci_190,โดยปกติแล้วเวลา 22:00 จะมีลูกค้าประมาณ 33% เทียบกับช่วงเวลาที่มีลูกค้ามากที่สุด,วันพฤหัสบดี
ci_190,โดยปกติแล้วเวลา 23:00 จะมีลูกค้าประมาณ 0% เทียบกับช่วงเวลาที่มีลูกค้ามากที่สุด,วันพฤหัสบดี
ci_190,โดยปกติแล้วเวลา 06:00 จะมีลูกค้าประมาณ 0% เทียบกับช่วงเวลาที่มีลูกค้ามากที่สุด,วันศุกร์
ci_190,โดยปกติแล้วเวลา 07:00 จะมีลูกค้าประมาณ 0% เทียบกับช่วงเวลาที่มีลูกค้ามากที่สุด,วันศุกร์
ci_190,โดยปกติแล้วเวลา 08:00 จะมีลูกค้าประมาณ 0% เทียบกับช่วงเวลาที่มีลูกค้ามากที่สุด,วันศุกร์
ci_190,โดยปกติแล้วเวลา 09:00 จะมีลูกค้าประมาณ 57% เทียบกับช่วงเวลาที่มีลูกค้ามากที่สุด,วันศุกร์
ci_190,โดยปกติแล้วเวลา 10:00 จะมีลูกค้าประมาณ 57% เทียบกับช่วงเวลาที่มีลูกค้ามากที่สุด,วันศุกร์
ci_190,โดยปกติแล้วเวลา 11:00 จะมีลูกค้าประมาณ 42% เทียบกับช่วงเวลาที่มีลูกค้ามากที่สุด,วันศุกร์
ci_190,โดยปกติแล้วเวลา 12:00 จะมีลูกค้าประมาณ 23% เทียบกับช่วงเวลาที่มีลูกค้ามากที่สุด,วันศุกร์
ci_190,โดยปกติแล้วเวลา 13:00 จะมีลูกค้าประมาณ 14% เทียบกับช่วงเวลาที่มีลูกค้ามากที่สุด,วันศุกร์
ci_190,โดยปกติแล้วเวลา 14:00 จะมีลูกค้าประมาณ 19% เทียบกับช่วงเวลาที่มีลูกค้ามากที่สุด,วันศุกร์
ci_190,โดยปกติแล้วเวลา 15:00 จะมีลูกค้าประมาณ 28% เทียบกับช่วงเวลาที่มีลูกค้ามากที่สุด,วันศุกร์
ci_190,โดยปกติแล้วเวลา 16:00 จะมีลูกค้าประมาณ 42% เทียบกับช่วงเวลาที่มีลูกค้ามากที่สุด,วันศุกร์
ci_190,โดยปกติแล้วเวลา 17:00 จะมีลูกค้าประมาณ 61% เทียบกับช่วงเวลาที่มีลูกค้ามากที่สุด,วันศุกร์
ci_190,โดยปกติแล้วเวลา 18:00 จะมีลูกค้าประมาณ 76% เทียบกับช่วงเวลาที่มีลูกค้ามากที่สุด,วันศุกร์
ci_190,โดยปกติแล้วเวลา 19:00 จะมีลูกค้าประมาณ 80% เทียบกับช่วงเวลาที่มีลูกค้ามากที่สุด,วันศุกร์
ci_190,โดยปกติแล้วเวลา 20:00 จะมีลูกค้าประมาณ 61% เทียบกับช่วงเวลาที่มีลูกค้ามากที่สุด,วันศุกร์
ci_190,โดยปกติแล้วเวลา 21:00 จะมีลูกค้าประมาณ 61% เทียบกับช่วงเวลาที่มีลูกค้ามากที่สุด,วันศุกร์
ci_190,โดยปกติแล้วเวลา 22:00 จะมีลูกค้าประมาณ 57% เทียบกับช่วงเวลาที่มีลูกค้ามากที่สุด,วันศุกร์
ci_190,โดยปกติแล้วเวลา 23:00 จะมีลูกค้าประมาณ 0% เทียบกับช่วงเวลาที่มีลูกค้ามากที่สุด,วันศุกร์
ci_190,โดยปกติแล้วเวลา 06:00 จะมีลูกค้าประมาณ 0% เทียบกับช่วงเวลาที่มีลูกค้ามากที่สุด,วันเสาร์
ci_190,โดยปกติแล้วเวลา 07:00 จะมีลูกค้าประมาณ 0% เทียบกับช่วงเวลาที่มีลูกค้ามากที่สุด,วันเสาร์
ci_190,โดยปกติแล้วเวลา 08:00 จะมีลูกค้าประมาณ 0% เทียบกับช่วงเวลาที่มีลูกค้ามากที่สุด,วันเสาร์
ci_190,โดยปกติแล้วเวลา 09:00 จะมีลูกค้าประมาณ 23% เทียบกับช่วงเวลาที่มีลูกค้ามากที่สุด,วันเสาร์
ci_190,โดยปกติแล้วเวลา 10:00 จะมีลูกค้าประมาณ 9% เทียบกับช่วงเวลาที่มีลูกค้ามากที่สุด,วันเสาร์
ci_190,โดยปกติแล้วเวลา 11:00 จะมีลูกค้าประมาณ 9% เทียบกับช่วงเวลาที่มีลูกค้ามากที่สุด,วันเสาร์
ci_190,โดยปกติแล้วเวลา 12:00 จะมีลูกค้าประมาณ 4% เทียบกับช่วงเวลาที่มีลูกค้ามากที่สุด,วันเสาร์
ci_190,โดยปกติแล้วเวลา 13:00 จะมีลูกค้าประมาณ 23% เทียบกับช่วงเวลาที่มีลูกค้ามากที่สุด,วันเสาร์
ci_190,โดยปกติแล้วเวลา 14:00 จะมีลูกค้าประมาณ 47% เทียบกับช่วงเวลาที่มีลูกค้ามากที่สุด,วันเสาร์
ci_190,โดยปกติแล้วเวลา 15:00 จะมีลูกค้าประมาณ 57% เทียบกับช่วงเวลาที่มีลูกค้ามากที่สุด,วันเสาร์
ci_190,โดยปกติแล้วเวลา 16:00 จะมีลูกค้าประมาณ 57% เทียบกับช่วงเวลาที่มีลูกค้ามากที่สุด,วันเสาร์
ci_190,โดยปกติแล้วเวลา 17:00 จะมีลูกค้าประมาณ 66% เทียบกับช่วงเวลาที่มีลูกค้ามากที่สุด,วันเสาร์
ci_190,โดยปกติแล้วเวลา 18:00 จะมีลูกค้าประมาณ 85% เทียบกับช่วงเวลาที่มีลูกค้ามากที่สุด,วันเสาร์
ci_190,โดยปกติแล้วเวลา 19:00 จะมีลูกค้าประมาณ 100% เทียบกับช่วงเวลาที่มีลูกค้ามากที่สุด,วันเสาร์
ci_190,โดยปกติแล้วเวลา 20:00 จะมีลูกค้าประมาณ 80% เทียบกับช่วงเวลาที่มีลูกค้ามากที่สุด,วันเสาร์
ci_190,โดยปกติแล้วเวลา 21:00 จะมีลูกค้าประมาณ 76% เทียบกับช่วงเวลาที่มีลูกค้ามากที่สุด,วันเสาร์
ci_190,โดยปกติแล้วเวลา 22:00 จะมีลูกค้าประมาณ 47% เทียบกับช่วงเวลาที่มีลูกค้ามากที่สุด,วันเสาร์
,,
,,
,,
ci_194,โดยปกติแล้วเวลา 06:00 จะมีลูกค้าประมาณ 0% เทียบกับช่วงเวลาที่มีลูกค้ามากที่สุด,วันอาทิตย์
ci_194,โดยปกติแล้วเวลา 07:00 จะมีลูกค้าประมาณ 0% เทียบกับช่วงเวลาที่มีลูกค้ามากที่สุด,วันอาทิตย์
ci_194,โดยปกติแล้วเวลา 08:00 จะมีลูกค้าประมาณ 44% เทียบกับช่วงเวลาที่มีลูกค้ามากที่สุด,วันอาทิตย์
ci_194,โดยปกติแล้วเวลา 09:00 จะมีลูกค้าประมาณ 55% เทียบกับช่วงเวลาที่มีลูกค้ามากที่สุด,วันอาทิตย์
ci_194,โดยปกติแล้วเวลา 10:00 จะมีลูกค้าประมาณ 62% เทียบกับช่วงเวลาที่มีลูกค้ามากที่สุด,วันอาทิตย์
ci_194,โดยปกติแล้วเวลา 11:00 จะมีลูกค้าประมาณ 64% เทียบกับช่วงเวลาที่มีลูกค้ามากที่สุด,วันอาทิตย์
ci_194,โดยปกติแล้วเวลา 12:00 จะมีลูกค้าประมาณ 68% เทียบกับช่วงเวลาที่มีลูกค้ามากที่สุด,วันอาทิตย์
ci_194,โดยปกติแล้วเวลา 13:00 จะมีลูกค้าประมาณ 73% เทียบกับช่วงเวลาที่มีลูกค้ามากที่สุด,วันอาทิตย์
ci_194,โดยปกติแล้วเวลา 14:00 จะมีลูกค้าประมาณ 75% เทียบกับช่วงเวลาที่มีลูกค้ามากที่สุด,วันอาทิตย์
ci_194,โดยปกติแล้วเวลา 15:00 จะมีลูกค้าประมาณ 75% เทียบกับช่วงเวลาที่มีลูกค้ามากที่สุด,วันอาทิตย์
ci_194,โดยปกติแล้วเวลา 16:00 จะมีลูกค้าประมาณ 75% เทียบกับช่วงเวลาที่มีลูกค้ามากที่สุด,วันอาทิตย์
ci_194,โดยปกติแล้วเวลา 17:00 จะมีลูกค้าประมาณ 75% เทียบกับช่วงเวลาที่มีลูกค้ามากที่สุด,วันอาทิตย์
ci_194,โดยปกติแล้วเวลา 18:00 จะมีลูกค้าประมาณ 71% เทียบกับช่วงเวลาที่มีลูกค้ามากที่สุด,วันอาทิตย์
ci_194,โดยปกติแล้วเวลา 19:00 จะมีลูกค้าประมาณ 57% เทียบกับช่วงเวลาที่มีลูกค้ามากที่สุด,วันอาทิตย์
ci_194,โดยปกติแล้วเวลา 20:00 จะมีลูกค้าประมาณ 48% เทียบกับช่วงเวลาที่มีลูกค้ามากที่สุด,วันอาทิตย์
ci_194,โดยปกติแล้วเวลา 21:00 จะมีลูกค้าประมาณ 0% เทียบกับช่วงเวลาที่มีลูกค้ามากที่สุด,วันอาทิตย์
ci_194,โดยปกติแล้วเวลา 22:00 จะมีลูกค้าประมาณ 0% เทียบกับช่วงเวลาที่มีลูกค้ามากที่สุด,วันอาทิตย์
ci_194,โดยปกติแล้วเวลา 23:00 จะมีลูกค้าประมาณ 0% เทียบกับช่วงเวลาที่มีลูกค้ามากที่สุด,วันอาทิตย์
ci_194,โดยปกติแล้วเวลา 06:00 จะมีลูกค้าประมาณ 0% เทียบกับช่วงเวลาที่มีลูกค้ามากที่สุด,วันจันทร์
ci_194,โดยปกติแล้วเวลา 07:00 จะมีลูกค้าประมาณ 0% เทียบกับช่วงเวลาที่มีลูกค้ามากที่สุด,วันจันทร์
ci_194,โดยปกติแล้วเวลา 08:00 จะมีลูกค้าประมาณ 31% เทียบกับช่วงเวลาที่มีลูกค้ามากที่สุด,วันจันทร์
ci_194,โดยปกติแล้วเวลา 09:00 จะมีลูกค้าประมาณ 42% เทียบกับช่วงเวลาที่มีลูกค้ามากที่สุด,วันจันทร์
ci_194,โดยปกติแล้วเวลา 10:00 จะมีลูกค้าประมาณ 64% เทียบกับช่วงเวลาที่มีลูกค้ามากที่สุด,วันจันทร์
ci_194,โดยปกติแล้วเวลา 11:00 จะมีลูกค้าประมาณ 73% เทียบกับช่วงเวลาที่มีลูกค้ามากที่สุด,วันจันทร์
ci_194,โดยปกติแล้วเวลา 12:00 จะมีลูกค้าประมาณ 75% เทียบกับช่วงเวลาที่มีลูกค้ามากที่สุด,วันจันทร์
ci_194,โดยปกติแล้วเวลา 13:00 จะมีลูกค้าประมาณ 73% เทียบกับช่วงเวลาที่มีลูกค้ามากที่สุด,วันจันทร์
ci_194,โดยปกติแล้วเวลา 14:00 จะมีลูกค้าประมาณ 80% เทียบกับช่วงเวลาที่มีลูกค้ามากที่สุด,วันจันทร์
ci_194,โดยปกติแล้วเวลา 15:00 จะมีลูกค้าประมาณ 77% เทียบกับช่วงเวลาที่มีลูกค้ามากที่สุด,วันจันทร์
ci_194,โดยปกติแล้วเวลา 16:00 จะมีลูกค้าประมาณ 77% เทียบกับช่วงเวลาที่มีลูกค้ามากที่สุด,วันจันทร์
ci_194,โดยปกติแล้วเวลา 17:00 จะมีลูกค้าประมาณ 64% เทียบกับช่วงเวลาที่มีลูกค้ามากที่สุด,วันจันทร์
ci_194,โดยปกติแล้วเวลา 18:00 จะมีลูกค้าประมาณ 57% เทียบกับช่วงเวลาที่มีลูกค้ามากที่สุด,วันจันทร์
ci_194,โดยปกติแล้วเวลา 19:00 จะมีลูกค้าประมาณ 57% เทียบกับช่วงเวลาที่มีลูกค้ามากที่สุด,วันจันทร์
ci_194,โดยปกติแล้วเวลา 20:00 จะมีลูกค้าประมาณ 55% เทียบกับช่วงเวลาที่มีลูกค้ามากที่สุด,วันจันทร์
ci_194,โดยปกติแล้วเวลา 21:00 จะมีลูกค้าประมาณ 0% เทียบกับช่วงเวลาที่มีลูกค้ามากที่สุด,วันจันทร์
ci_194,โดยปกติแล้วเวลา 22:00 จะมีลูกค้าประมาณ 0% เทียบกับช่วงเวลาที่มีลูกค้ามากที่สุด,วันจันทร์
ci_194,โดยปกติแล้วเวลา 23:00 จะมีลูกค้าประมาณ 0% เทียบกับช่วงเวลาที่มีลูกค้ามากที่สุด,วันจันทร์
ci_194,โดยปกติแล้วเวลา 06:00 จะมีลูกค้าประมาณ 0% เทียบกับช่วงเวลาที่มีลูกค้ามากที่สุด,วันอังคาร
ci_194,โดยปกติแล้วเวลา 07:00 จะมีลูกค้าประมาณ 0% เทียบกับช่วงเวลาที่มีลูกค้ามากที่สุด,วันอังคาร
ci_194,โดยปกติแล้วเวลา 08:00 จะมีลูกค้าประมาณ 51% เทียบกับช่วงเวลาที่มีลูกค้ามากที่สุด,วันอังคาร
ci_194,โดยปกติแล้วเวลา 09:00 จะมีลูกค้าประมาณ 64% เทียบกับช่วงเวลาที่มีลูกค้ามากที่สุด,วันอังคาร
ci_194,โดยปกติแล้วเวลา 10:00 จะมีลูกค้าประมาณ 71% เทียบกับช่วงเวลาที่มีลูกค้ามากที่สุด,วันอังคาร
ci_194,โดยปกติแล้วเวลา 11:00 จะมีลูกค้าประมาณ 80% เทียบกับช่วงเวลาที่มีลูกค้ามากที่สุด,วันอังคาร
ci_194,โดยปกติแล้วเวลา 12:00 จะมีลูกค้าประมาณ 75% เทียบกับช่วงเวลาที่มีลูกค้ามากที่สุด,วันอังคาร
ci_194,โดยปกติแล้วเวลา 13:00 จะมีลูกค้าประมาณ 77% เทียบกับช่วงเวลาที่มีลูกค้ามากที่สุด,วันอังคาร
ci_194,โดยปกติแล้วเวลา 14:00 จะมีลูกค้าประมาณ 73% เทียบกับช่วงเวลาที่มีลูกค้ามากที่สุด,วันอังคาร
ci_194,โดยปกติแล้วเวลา 15:00 จะมีลูกค้าประมาณ 71% เทียบกับช่วงเวลาที่มีลูกค้ามากที่สุด,วันอังคาร
ci_194,โดยปกติแล้วเวลา 16:00 จะมีลูกค้าประมาณ 66% เทียบกับช่วงเวลาที่มีลูกค้ามากที่สุด,วันอังคาร
ci_194,โดยปกติแล้วเวลา 17:00 จะมีลูกค้าประมาณ 64% เทียบกับช่วงเวลาที่มีลูกค้ามากที่สุด,วันอังคาร
ci_194,โดยปกติแล้วเวลา 18:00 จะมีลูกค้าประมาณ 57% เทียบกับช่วงเวลาที่มีลูกค้ามากที่สุด,วันอังคาร
ci_194,โดยปกติแล้วเวลา 19:00 จะมีลูกค้าประมาณ 55% เทียบกับช่วงเวลาที่มีลูกค้ามากที่สุด,วันอังคาร
ci_194,โดยปกติแล้วเวลา 20:00 จะมีลูกค้าประมาณ 55% เทียบกับช่วงเวลาที่มีลูกค้ามากที่สุด,วันอังคาร
ci_194,โดยปกติแล้วเวลา 21:00 จะมีลูกค้าประมาณ 0% เทียบกับช่วงเวลาที่มีลูกค้ามากที่สุด,วันอังคาร
ci_194,โดยปกติแล้วเวลา 22:00 จะมีลูกค้าประมาณ 0% เทียบกับช่วงเวลาที่มีลูกค้ามากที่สุด,วันอังคาร
ci_194,โดยปกติแล้วเวลา 23:00 จะมีลูกค้าประมาณ 0% เทียบกับช่วงเวลาที่มีลูกค้ามากที่สุด,วันอังคาร
ci_194,โดยปกติแล้วเวลา 06:00 จะมีลูกค้าประมาณ 0% เทียบกับช่วงเวลาที่มีลูกค้ามากที่สุด,วันพุธ
ci_194,โดยปกติแล้วเวลา 07:00 จะมีลูกค้าประมาณ 0% เทียบกับช่วงเวลาที่มีลูกค้ามากที่สุด,วันพุธ
ci_194,โดยปกติแล้วเวลา 08:00 จะมีลูกค้าประมาณ 40% เทียบกับช่วงเวลาที่มีลูกค้ามากที่สุด,วันพุธ
ci_194,โดยปกติแล้วเวลา 09:00 จะมีลูกค้าประมาณ 42% เทียบกับช่วงเวลาที่มีลูกค้ามากที่สุด,วันพุธ
ci_194,โดยปกติแล้วเวลา 10:00 จะมีลูกค้าประมาณ 44% เทียบกับช่วงเวลาที่มีลูกค้ามากที่สุด,วันพุธ
ci_194,โดยปกติแล้วเวลา 11:00 จะมีลูกค้าประมาณ 62% เทียบกับช่วงเวลาที่มีลูกค้ามากที่สุด,วันพุธ
ci_194,โดยปกติแล้วเวลา 12:00 จะมีลูกค้าประมาณ 84% เทียบกับช่วงเวลาที่มีลูกค้ามากที่สุด,วันพุธ
ci_194,โดยปกติแล้วเวลา 13:00 จะมีลูกค้าประมาณ 91% เทียบกับช่วงเวลาที่มีลูกค้ามากที่สุด,วันพุธ
ci_194,โดยปกติแล้วเวลา 14:00 จะมีลูกค้าประมาณ 84% เทียบกับช่วงเวลาที่มีลูกค้ามากที่สุด,วันพุธ
ci_194,โดยปกติแล้วเวลา 15:00 จะมีลูกค้าประมาณ 73% เทียบกับช่วงเวลาที่มีลูกค้ามากที่สุด,วันพุธ
ci_194,โดยปกติแล้วเวลา 16:00 จะมีลูกค้าประมาณ 80% เทียบกับช่วงเวลาที่มีลูกค้ามากที่สุด,วันพุธ
ci_194,โดยปกติแล้วเวลา 17:00 จะมีลูกค้าประมาณ 73% เทียบกับช่วงเวลาที่มีลูกค้ามากที่สุด,วันพุธ
ci_194,โดยปกติแล้วเวลา 18:00 จะมีลูกค้าประมาณ 57% เทียบกับช่วงเวลาที่มีลูกค้ามากที่สุด,วันพุธ
ci_194,โดยปกติแล้วเวลา 19:00 จะมีลูกค้าประมาณ 51% เทียบกับช่วงเวลาที่มีลูกค้ามากที่สุด,วันพุธ
ci_194,โดยปกติแล้วเวลา 20:00 จะมีลูกค้าประมาณ 44% เทียบกับช่วงเวลาที่มีลูกค้ามากที่สุด,วันพุธ
ci_194,โดยปกติแล้วเวลา 21:00 จะมีลูกค้าประมาณ 0% เทียบกับช่วงเวลาที่มีลูกค้ามากที่สุด,วันพุธ
ci_194,โดยปกติแล้วเวลา 22:00 จะมีลูกค้าประมาณ 0% เทียบกับช่วงเวลาที่มีลูกค้ามากที่สุด,วันพุธ
ci_194,โดยปกติแล้วเวลา 23:00 จะมีลูกค้าประมาณ 0% เทียบกับช่วงเวลาที่มีลูกค้ามากที่สุด,วันพุธ
ci_194,โดยปกติแล้วเวลา 06:00 จะมีลูกค้าประมาณ 0% เทียบกับช่วงเวลาที่มีลูกค้ามากที่สุด,วันพฤหัสบดี
ci_194,โดยปกติแล้วเวลา 07:00 จะมีลูกค้าประมาณ 0% เทียบกับช่วงเวลาที่มีลูกค้ามากที่สุด,วันพฤหัสบดี
ci_194,โดยปกติแล้วเวลา 08:00 จะมีลูกค้าประมาณ 46% เทียบกับช่วงเวลาที่มีลูกค้ามากที่สุด,วันพฤหัสบดี
ci_194,โดยปกติแล้วเวลา 09:00 จะมีลูกค้าประมาณ 62% เทียบกับช่วงเวลาที่มีลูกค้ามากที่สุด,วันพฤหัสบดี
ci_194,โดยปกติแล้วเวลา 10:00 จะมีลูกค้าประมาณ 82% เทียบกับช่วงเวลาที่มีลูกค้ามากที่สุด,วันพฤหัสบดี
ci_194,โดยปกติแล้วเวลา 11:00 จะมีลูกค้าประมาณ 91% เทียบกับช่วงเวลาที่มีลูกค้ามากที่สุด,วันพฤหัสบดี
ci_194,โดยปกติแล้วเวลา 12:00 จะมีลูกค้าประมาณ 97% เทียบกับช่วงเวลาที่มีลูกค้ามากที่สุด,วันพฤหัสบดี
ci_194,โดยปกติแล้วเวลา 13:00 จะมีลูกค้าประมาณ 91% เทียบกับช่วงเวลาที่มีลูกค้ามากที่สุด,วันพฤหัสบดี
ci_194,โดยปกติแล้วเวลา 14:00 จะมีลูกค้าประมาณ 84% เทียบกับช่วงเวลาที่มีลูกค้ามากที่สุด,วันพฤหัสบดี
ci_194,โดยปกติแล้วเวลา 15:00 จะมีลูกค้าประมาณ 82% เทียบกับช่วงเวลาที่มีลูกค้ามากที่สุด,วันพฤหัสบดี
ci_194,โดยปกติแล้วเวลา 16:00 จะมีลูกค้าประมาณ 75% เทียบกับช่วงเวลาที่มีลูกค้ามากที่สุด,วันพฤหัสบดี
ci_194,โดยปกติแล้วเวลา 17:00 จะมีลูกค้าประมาณ 66% เทียบกับช่วงเวลาที่มีลูกค้ามากที่สุด,วันพฤหัสบดี
ci_194,โดยปกติแล้วเวลา 18:00 จะมีลูกค้าประมาณ 53% เทียบกับช่วงเวลาที่มีลูกค้ามากที่สุด,วันพฤหัสบดี
ci_194,โดยปกติแล้วเวลา 19:00 จะมีลูกค้าประมาณ 53% เทียบกับช่วงเวลาที่มีลูกค้ามากที่สุด,วันพฤหัสบดี
ci_194,โดยปกติแล้วเวลา 20:00 จะมีลูกค้าประมาณ 60% เทียบกับช่วงเวลาที่มีลูกค้ามากที่สุด,วันพฤหัสบดี
ci_194,โดยปกติแล้วเวลา 21:00 จะมีลูกค้าประมาณ 0% เทียบกับช่วงเวลาที่มีลูกค้ามากที่สุด,วันพฤหัสบดี
ci_194,โดยปกติแล้วเวลา 22:00 จะมีลูกค้าประมาณ 0% เทียบกับช่วงเวลาที่มีลูกค้ามากที่สุด,วันพฤหัสบดี
ci_194,โดยปกติแล้วเวลา 23:00 จะมีลูกค้าประมาณ 0% เทียบกับช่วงเวลาที่มีลูกค้ามากที่สุด,วันพฤหัสบดี
ci_194,โดยปกติแล้วเวลา 06:00 จะมีลูกค้าประมาณ 0% เทียบกับช่วงเวลาที่มีลูกค้ามากที่สุด,วันศุกร์
ci_194,โดยปกติแล้วเวลา 07:00 จะมีลูกค้าประมาณ 0% เทียบกับช่วงเวลาที่มีลูกค้ามากที่สุด,วันศุกร์
ci_194,โดยปกติแล้วเวลา 08:00 จะมีลูกค้าประมาณ 55% เทียบกับช่วงเวลาที่มีลูกค้ามากที่สุด,วันศุกร์
ci_194,โดยปกติแล้วเวลา 09:00 จะมีลูกค้าประมาณ 57% เทียบกับช่วงเวลาที่มีลูกค้ามากที่สุด,วันศุกร์
ci_194,โดยปกติแล้วเวลา 10:00 จะมีลูกค้าประมาณ 62% เทียบกับช่วงเวลาที่มีลูกค้ามากที่สุด,วันศุกร์
ci_194,โดยปกติแล้วเวลา 11:00 จะมีลูกค้าประมาณ 66% เทียบกับช่วงเวลาที่มีลูกค้ามากที่สุด,วันศุกร์
ci_194,โดยปกติแล้วเวลา 12:00 จะมีลูกค้าประมาณ 82% เทียบกับช่วงเวลาที่มีลูกค้ามากที่สุด,วันศุกร์
ci_194,โดยปกติแล้วเวลา 13:00 จะมีลูกค้าประมาณ 91% เทียบกับช่วงเวลาที่มีลูกค้ามากที่สุด,วันศุกร์
ci_194,โดยปกติแล้วเวลา 14:00 จะมีลูกค้าประมาณ 84% เทียบกับช่วงเวลาที่มีลูกค้ามากที่สุด,วันศุกร์
ci_194,โดยปกติแล้วเวลา 15:00 จะมีลูกค้าประมาณ 80% เทียบกับช่วงเวลาที่มีลูกค้ามากที่สุด,วันศุกร์
ci_194,โดยปกติแล้วเวลา 16:00 จะมีลูกค้าประมาณ 66% เทียบกับช่วงเวลาที่มีลูกค้ามากที่สุด,วันศุกร์
ci_194,โดยปกติแล้วเวลา 17:00 จะมีลูกค้าประมาณ 66% เทียบกับช่วงเวลาที่มีลูกค้ามากที่สุด,วันศุกร์
ci_194,โดยปกติแล้วเวลา 18:00 จะมีลูกค้าประมาณ 68% เทียบกับช่วงเวลาที่มีลูกค้ามากที่สุด,วันศุกร์
ci_194,โดยปกติแล้วเวลา 19:00 จะมีลูกค้าประมาณ 62% เทียบกับช่วงเวลาที่มีลูกค้ามากที่สุด,วันศุกร์
ci_194,โดยปกติแล้วเวลา 20:00 จะมีลูกค้าประมาณ 60% เทียบกับช่วงเวลาที่มีลูกค้ามากที่สุด,วันศุกร์
ci_194,โดยปกติแล้วเวลา 21:00 จะมีลูกค้าประมาณ 0% เทียบกับช่วงเวลาที่มีลูกค้ามากที่สุด,วันศุกร์
ci_194,โดยปกติแล้วเวลา 22:00 จะมีลูกค้าประมาณ 0% เทียบกับช่วงเวลาที่มีลูกค้ามากที่สุด,วันศุกร์
ci_194,โดยปกติแล้วเวลา 23:00 จะมีลูกค้าประมาณ 0% เทียบกับช่วงเวลาที่มีลูกค้ามากที่สุด,วันศุกร์
ci_194,โดยปกติแล้วเวลา 06:00 จะมีลูกค้าประมาณ 0% เทียบกับช่วงเวลาที่มีลูกค้ามากที่สุด,วันเสาร์
ci_194,โดยปกติแล้วเวลา 07:00 จะมีลูกค้าประมาณ 0% เทียบกับช่วงเวลาที่มีลูกค้ามากที่สุด,วันเสาร์
ci_194,โดยปกติแล้วเวลา 08:00 จะมีลูกค้าประมาณ 35% เทียบกับช่วงเวลาที่มีลูกค้ามากที่สุด,วันเสาร์
ci_194,โดยปกติแล้วเวลา 09:00 จะมีลูกค้าประมาณ 62% เทียบกับช่วงเวลาที่มีลูกค้ามากที่สุด,วันเสาร์
ci_194,โดยปกติแล้วเวลา 10:00 จะมีลูกค้าประมาณ 68% เทียบกับช่วงเวลาที่มีลูกค้ามากที่สุด,วันเสาร์
ci_194,โดยปกติแล้วเวลา 11:00 จะมีลูกค้าประมาณ 73% เทียบกับช่วงเวลาที่มีลูกค้ามากที่สุด,วันเสาร์
ci_194,โดยปกติแล้วเวลา 12:00 จะมีลูกค้าประมาณ 62% เทียบกับช่วงเวลาที่มีลูกค้ามากที่สุด,วันเสาร์
ci_194,โดยปกติแล้วเวลา 13:00 จะมีลูกค้าประมาณ 62% เทียบกับช่วงเวลาที่มีลูกค้ามากที่สุด,วันเสาร์
ci_194,โดยปกติแล้วเวลา 14:00 จะมีลูกค้าประมาณ 68% เทียบกับช่วงเวลาที่มีลูกค้ามากที่สุด,วันเสาร์
ci_194,โดยปกติแล้วเวลา 15:00 จะมีลูกค้าประมาณ 82% เทียบกับช่วงเวลาที่มีลูกค้ามากที่สุด,วันเสาร์
ci_194,ปัจจุบันมีลูกค้าประมาณ 2% เทียบกับช่วงเวลาที่มีลูกค้ามากที่สุด โดยปกติแล้วจะมีลูกค้าประมาณ 88%,วันเสาร์
ci_194,โดยปกติแล้วเวลา 17:00 จะมีลูกค้าประมาณ 100% เทียบกับช่วงเวลาที่มีลูกค้ามากที่สุด,วันเสาร์
ci_194,โดยปกติแล้วเวลา 18:00 จะมีลูกค้าประมาณ 80% เทียบกับช่วงเวลาที่มีลูกค้ามากที่สุด,วันเสาร์
ci_194,โดยปกติแล้วเวลา 19:00 จะมีลูกค้าประมาณ 75% เทียบกับช่วงเวลาที่มีลูกค้ามากที่สุด,วันเสาร์
ci_194,โดยปกติแล้วเวลา 20:00 จะมีลูกค้าประมาณ 64% เทียบกับช่วงเวลาที่มีลูกค้ามากที่สุด,วันเสาร์
ci_194,โดยปกติแล้วเวลา 21:00 จะมีลูกค้าประมาณ 0% เทียบกับช่วงเวลาที่มีลูกค้ามากที่สุด,วันเสาร์
ci_194,โดยปกติแล้วเวลา 22:00 จะมีลูกค้าประมาณ 0% เทียบกับช่วงเวลาที่มีลูกค้ามากที่สุด,วันเสาร์
ci_195,โดยปกติแล้วเวลา 06:00 จะมีลูกค้าประมาณ 0% เทียบกับช่วงเวลาที่มีลูกค้ามากที่สุด,วันอาทิตย์
ci_195,โดยปกติแล้วเวลา 07:00 จะมีลูกค้าประมาณ 53% เทียบกับช่วงเวลาที่มีลูกค้ามากที่สุด,วันอาทิตย์
ci_195,โดยปกติแล้วเวลา 08:00 จะมีลูกค้าประมาณ 61% เทียบกับช่วงเวลาที่มีลูกค้ามากที่สุด,วันอาทิตย์
ci_195,โดยปกติแล้วเวลา 09:00 จะมีลูกค้าประมาณ 71% เทียบกับช่วงเวลาที่มีลูกค้ามากที่สุด,วันอาทิตย์
ci_195,โดยปกติแล้วเวลา 10:00 จะมีลูกค้าประมาณ 58% เทียบกับช่วงเวลาที่มีลูกค้ามากที่สุด,วันอาทิตย์
ci_195,โดยปกติแล้วเวลา 11:00 จะมีลูกค้าประมาณ 51% เทียบกับช่วงเวลาที่มีลูกค้ามากที่สุด,วันอาทิตย์
ci_195,โดยปกติแล้วเวลา 12:00 จะมีลูกค้าประมาณ 56% เทียบกับช่วงเวลาที่มีลูกค้ามากที่สุด,วันอาทิตย์
ci_195,โดยปกติแล้วเวลา 13:00 จะมีลูกค้าประมาณ 58% เทียบกับช่วงเวลาที่มีลูกค้ามากที่สุด,วันอาทิตย์
ci_195,โดยปกติแล้วเวลา 14:00 จะมีลูกค้าประมาณ 53% เทียบกับช่วงเวลาที่มีลูกค้ามากที่สุด,วันอาทิตย์
ci_195,โดยปกติแล้วเวลา 15:00 จะมีลูกค้าประมาณ 43% เทียบกับช่วงเวลาที่มีลูกค้ามากที่สุด,วันอาทิตย์
ci_195,โดยปกติแล้วเวลา 16:00 จะมีลูกค้าประมาณ 48% เทียบกับช่วงเวลาที่มีลูกค้ามากที่สุด,วันอาทิตย์
ci_195,โดยปกติแล้วเวลา 17:00 จะมีลูกค้าประมาณ 46% เทียบกับช่วงเวลาที่มีลูกค้ามากที่สุด,วันอาทิตย์
ci_195,โดยปกติแล้วเวลา 18:00 จะมีลูกค้าประมาณ 51% เทียบกับช่วงเวลาที่มีลูกค้ามากที่สุด,วันอาทิตย์
ci_195,โดยปกติแล้วเวลา 19:00 จะมีลูกค้าประมาณ 51% เทียบกับช่วงเวลาที่มีลูกค้ามากที่สุด,วันอาทิตย์
ci_195,โดยปกติแล้วเวลา 20:00 จะมีลูกค้าประมาณ 0% เทียบกับช่วงเวลาที่มีลูกค้ามากที่สุด,วันอาทิตย์
ci_195,โดยปกติแล้วเวลา 21:00 จะมีลูกค้าประมาณ 0% เทียบกับช่วงเวลาที่มีลูกค้ามากที่สุด,วันอาทิตย์
ci_195,โดยปกติแล้วเวลา 22:00 จะมีลูกค้าประมาณ 0% เทียบกับช่วงเวลาที่มีลูกค้ามากที่สุด,วันอาทิตย์
ci_195,โดยปกติแล้วเวลา 23:00 จะมีลูกค้าประมาณ 0% เทียบกับช่วงเวลาที่มีลูกค้ามากที่สุด,วันอาทิตย์
ci_195,โดยปกติแล้วเวลา 06:00 จะมีลูกค้าประมาณ 0% เทียบกับช่วงเวลาที่มีลูกค้ามากที่สุด,วันจันทร์
ci_195,โดยปกติแล้วเวลา 07:00 จะมีลูกค้าประมาณ 66% เทียบกับช่วงเวลาที่มีลูกค้ามากที่สุด,วันจันทร์
ci_195,โดยปกติแล้วเวลา 08:00 จะมีลูกค้าประมาณ 87% เทียบกับช่วงเวลาที่มีลูกค้ามากที่สุด,วันจันทร์
ci_195,โดยปกติแล้วเวลา 09:00 จะมีลูกค้าประมาณ 100% เทียบกับช่วงเวลาที่มีลูกค้ามากที่สุด,วันจันทร์
ci_195,โดยปกติแล้วเวลา 10:00 จะมีลูกค้าประมาณ 87% เทียบกับช่วงเวลาที่มีลูกค้ามากที่สุด,วันจันทร์
ci_195,โดยปกติแล้วเวลา 11:00 จะมีลูกค้าประมาณ 71% เทียบกับช่วงเวลาที่มีลูกค้ามากที่สุด,วันจันทร์
ci_195,โดยปกติแล้วเวลา 12:00 จะมีลูกค้าประมาณ 66% เทียบกับช่วงเวลาที่มีลูกค้ามากที่สุด,วันจันทร์
ci_195,โดยปกติแล้วเวลา 13:00 จะมีลูกค้าประมาณ 64% เทียบกับช่วงเวลาที่มีลูกค้ามากที่สุด,วันจันทร์
ci_195,โดยปกติแล้วเวลา 14:00 จะมีลูกค้าประมาณ 74% เทียบกับช่วงเวลาที่มีลูกค้ามากที่สุด,วันจันทร์
ci_195,โดยปกติแล้วเวลา 15:00 จะมีลูกค้าประมาณ 89% เทียบกับช่วงเวลาที่มีลูกค้ามากที่สุด,วันจันทร์
ci_195,โดยปกติแล้วเวลา 16:00 จะมีลูกค้าประมาณ 87% เทียบกับช่วงเวลาที่มีลูกค้ามากที่สุด,วันจันทร์
ci_195,โดยปกติแล้วเวลา 17:00 จะมีลูกค้าประมาณ 71% เทียบกับช่วงเวลาที่มีลูกค้ามากที่สุด,วันจันทร์
ci_195,โดยปกติแล้วเวลา 18:00 จะมีลูกค้าประมาณ 56% เทียบกับช่วงเวลาที่มีลูกค้ามากที่สุด,วันจันทร์
ci_195,โดยปกติแล้วเวลา 19:00 จะมีลูกค้าประมาณ 46% เทียบกับช่วงเวลาที่มีลูกค้ามากที่สุด,วันจันทร์
ci_195,โดยปกติแล้วเวลา 20:00 จะมีลูกค้าประมาณ 0% เทียบกับช่วงเวลาที่มีลูกค้ามากที่สุด,วันจันทร์
ci_195,โดยปกติแล้วเวลา 21:00 จะมีลูกค้าประมาณ 0% เทียบกับช่วงเวลาที่มีลูกค้ามากที่สุด,วันจันทร์
ci_195,โดยปกติแล้วเวลา 22:00 จะมีลูกค้าประมาณ 0% เทียบกับช่วงเวลาที่มีลูกค้ามากที่สุด,วันจันทร์
ci_195,โดยปกติแล้วเวลา 23:00 จะมีลูกค้าประมาณ 0% เทียบกับช่วงเวลาที่มีลูกค้ามากที่สุด,วันจันทร์
ci_195,โดยปกติแล้วเวลา 06:00 จะมีลูกค้าประมาณ 0% เทียบกับช่วงเวลาที่มีลูกค้ามากที่สุด,วันอังคาร
ci_195,โดยปกติแล้วเวลา 07:00 จะมีลูกค้าประมาณ 46% เทียบกับช่วงเวลาที่มีลูกค้ามากที่สุด,วันอังคาร
ci_195,โดยปกติแล้วเวลา 08:00 จะมีลูกค้าประมาณ 46% เทียบกับช่วงเวลาที่มีลูกค้ามากที่สุด,วันอังคาร
ci_195,โดยปกติแล้วเวลา 09:00 จะมีลูกค้าประมาณ 35% เทียบกับช่วงเวลาที่มีลูกค้ามากที่สุด,วันอังคาร
ci_195,โดยปกติแล้วเวลา 10:00 จะมีลูกค้าประมาณ 30% เทียบกับช่วงเวลาที่มีลูกค้ามากที่สุด,วันอังคาร
ci_195,โดยปกติแล้วเวลา 11:00 จะมีลูกค้าประมาณ 41% เทียบกับช่วงเวลาที่มีลูกค้ามากที่สุด,วันอังคาร
ci_195,โดยปกติแล้วเวลา 12:00 จะมีลูกค้าประมาณ 35% เทียบกับช่วงเวลาที่มีลูกค้ามากที่สุด,วันอังคาร
ci_195,โดยปกติแล้วเวลา 13:00 จะมีลูกค้าประมาณ 43% เทียบกับช่วงเวลาที่มีลูกค้ามากที่สุด,วันอังคาร
ci_195,โดยปกติแล้วเวลา 14:00 จะมีลูกค้าประมาณ 46% เทียบกับช่วงเวลาที่มีลูกค้ามากที่สุด,วันอังคาร
ci_195,โดยปกติแล้วเวลา 15:00 จะมีลูกค้าประมาณ 33% เทียบกับช่วงเวลาที่มีลูกค้ามากที่สุด,วันอังคาร
ci_195,โดยปกติแล้วเวลา 16:00 จะมีลูกค้าประมาณ 25% เทียบกับช่วงเวลาที่มีลูกค้ามากที่สุด,วันอังคาร
ci_195,โดยปกติแล้วเวลา 17:00 จะมีลูกค้าประมาณ 23% เทียบกับช่วงเวลาที่มีลูกค้ามากที่สุด,วันอังคาร
ci_195,โดยปกติแล้วเวลา 18:00 จะมีลูกค้าประมาณ 30% เทียบกับช่วงเวลาที่มีลูกค้ามากที่สุด,วันอังคาร
ci_195,โดยปกติแล้วเวลา 19:00 จะมีลูกค้าประมาณ 35% เทียบกับช่วงเวลาที่มีลูกค้ามากที่สุด,วันอังคาร
ci_195,โดยปกติแล้วเวลา 20:00 จะมีลูกค้าประมาณ 0% เทียบกับช่วงเวลาที่มีลูกค้ามากที่สุด,วันอังคาร
ci_195,โดยปกติแล้วเวลา 21:00 จะมีลูกค้าประมาณ 0% เทียบกับช่วงเวลาที่มีลูกค้ามากที่สุด,วันอังคาร
ci_195,โดยปกติแล้วเวลา 22:00 จะมีลูกค้าประมาณ 0% เทียบกับช่วงเวลาที่มีลูกค้ามากที่สุด,วันอังคาร
ci_195,โดยปกติแล้วเวลา 23:00 จะมีลูกค้าประมาณ 0% เทียบกับช่วงเวลาที่มีลูกค้ามากที่สุด,วันอังคาร
ci_195,โดยปกติแล้วเวลา 06:00 จะมีลูกค้าประมาณ 0% เทียบกับช่วงเวลาที่มีลูกค้ามากที่สุด,วันพุธ
ci_195,โดยปกติแล้วเวลา 07:00 จะมีลูกค้าประมาณ 79% เทียบกับช่วงเวลาที่มีลูกค้ามากที่สุด,วันพุธ
ci_195,โดยปกติแล้วเวลา 08:00 จะมีลูกค้าประมาณ 69% เทียบกับช่วงเวลาที่มีลูกค้ามากที่สุด,วันพุธ
ci_195,โดยปกติแล้วเวลา 09:00 จะมีลูกค้าประมาณ 66% เทียบกับช่วงเวลาที่มีลูกค้ามากที่สุด,วันพุธ
ci_195,โดยปกติแล้วเวลา 10:00 จะมีลูกค้าประมาณ 51% เทียบกับช่วงเวลาที่มีลูกค้ามากที่สุด,วันพุธ
ci_195,โดยปกติแล้วเวลา 11:00 จะมีลูกค้าประมาณ 61% เทียบกับช่วงเวลาที่มีลูกค้ามากที่สุด,วันพุธ
ci_195,โดยปกติแล้วเวลา 12:00 จะมีลูกค้าประมาณ 56% เทียบกับช่วงเวลาที่มีลูกค้ามากที่สุด,วันพุธ
ci_195,โดยปกติแล้วเวลา 13:00 จะมีลูกค้าประมาณ 56% เทียบกับช่วงเวลาที่มีลูกค้ามากที่สุด,วันพุธ
ci_195,โดยปกติแล้วเวลา 14:00 จะมีลูกค้าประมาณ 66% เทียบกับช่วงเวลาที่มีลูกค้ามากที่สุด,วันพุธ
ci_195,โดยปกติแล้วเวลา 15:00 จะมีลูกค้าประมาณ 66% เทียบกับช่วงเวลาที่มีลูกค้ามากที่สุด,วันพุธ
ci_195,โดยปกติแล้วเวลา 16:00 จะมีลูกค้าประมาณ 61% เทียบกับช่วงเวลาที่มีลูกค้ามากที่สุด,วันพุธ
ci_195,โดยปกติแล้วเวลา 17:00 จะมีลูกค้าประมาณ 61% เทียบกับช่วงเวลาที่มีลูกค้ามากที่สุด,วันพุธ
ci_195,โดยปกติแล้วเวลา 18:00 จะมีลูกค้าประมาณ 51% เทียบกับช่วงเวลาที่มีลูกค้ามากที่สุด,วันพุธ
ci_195,โดยปกติแล้วเวลา 19:00 จะมีลูกค้าประมาณ 46% เทียบกับช่วงเวลาที่มีลูกค้ามากที่สุด,วันพุธ
ci_195,โดยปกติแล้วเวลา 20:00 จะมีลูกค้าประมาณ 0% เทียบกับช่วงเวลาที่มีลูกค้ามากที่สุด,วันพุธ
ci_195,โดยปกติแล้วเวลา 21:00 จะมีลูกค้าประมาณ 0% เทียบกับช่วงเวลาที่มีลูกค้ามากที่สุด,วันพุธ
ci_195,โดยปกติแล้วเวลา 22:00 จะมีลูกค้าประมาณ 0% เทียบกับช่วงเวลาที่มีลูกค้ามากที่สุด,วันพุธ
ci_195,โดยปกติแล้วเวลา 23:00 จะมีลูกค้าประมาณ 0% เทียบกับช่วงเวลาที่มีลูกค้ามากที่สุด,วันพุธ
ci_195,โดยปกติแล้วเวลา 06:00 จะมีลูกค้าประมาณ 0% เทียบกับช่วงเวลาที่มีลูกค้ามากที่สุด,วันพฤหัสบดี
ci_195,โดยปกติแล้วเวลา 07:00 จะมีลูกค้าประมาณ 53% เทียบกับช่วงเวลาที่มีลูกค้ามากที่สุด,วันพฤหัสบดี
ci_195,โดยปกติแล้วเวลา 08:00 จะมีลูกค้าประมาณ 66% เทียบกับช่วงเวลาที่มีลูกค้ามากที่สุด,วันพฤหัสบดี
ci_195,โดยปกติแล้วเวลา 09:00 จะมีลูกค้าประมาณ 64% เทียบกับช่วงเวลาที่มีลูกค้ามากที่สุด,วันพฤหัสบดี
ci_195,โดยปกติแล้วเวลา 10:00 จะมีลูกค้าประมาณ 61% เทียบกับช่วงเวลาที่มีลูกค้ามากที่สุด,วันพฤหัสบดี
ci_195,โดยปกติแล้วเวลา 11:00 จะมีลูกค้าประมาณ 69% เทียบกับช่วงเวลาที่มีลูกค้ามากที่สุด,วันพฤหัสบดี
ci_195,โดยปกติแล้วเวลา 12:00 จะมีลูกค้าประมาณ 76% เทียบกับช่วงเวลาที่มีลูกค้ามากที่สุด,วันพฤหัสบดี
ci_195,โดยปกติแล้วเวลา 13:00 จะมีลูกค้าประมาณ 56% เทียบกับช่วงเวลาที่มีลูกค้ามากที่สุด,วันพฤหัสบดี
ci_195,โดยปกติแล้วเวลา 14:00 จะมีลูกค้าประมาณ 48% เทียบกับช่วงเวลาที่มีลูกค้ามากที่สุด,วันพฤหัสบดี
ci_195,โดยปกติแล้วเวลา 15:00 จะมีลูกค้าประมาณ 38% เทียบกับช่วงเวลาที่มีลูกค้ามากที่สุด,วันพฤหัสบดี
ci_195,โดยปกติแล้วเวลา 16:00 จะมีลูกค้าประมาณ 38% เทียบกับช่วงเวลาที่มีลูกค้ามากที่สุด,วันพฤหัสบดี
ci_195,โดยปกติแล้วเวลา 17:00 จะมีลูกค้าประมาณ 38% เทียบกับช่วงเวลาที่มีลูกค้ามากที่สุด,วันพฤหัสบดี
ci_195,โดยปกติแล้วเวลา 18:00 จะมีลูกค้าประมาณ 30% เทียบกับช่วงเวลาที่มีลูกค้ามากที่สุด,วันพฤหัสบดี
ci_195,โดยปกติแล้วเวลา 19:00 จะมีลูกค้าประมาณ 20% เทียบกับช่วงเวลาที่มีลูกค้ามากที่สุด,วันพฤหัสบดี
ci_195,โดยปกติแล้วเวลา 20:00 จะมีลูกค้าประมาณ 0% เทียบกับช่วงเวลาที่มีลูกค้ามากที่สุด,วันพฤหัสบดี
ci_195,โดยปกติแล้วเวลา 21:00 จะมีลูกค้าประมาณ 0% เทียบกับช่วงเวลาที่มีลูกค้ามากที่สุด,วันพฤหัสบดี
ci_195,โดยปกติแล้วเวลา 22:00 จะมีลูกค้าประมาณ 0% เทียบกับช่วงเวลาที่มีลูกค้ามากที่สุด,วันพฤหัสบดี
ci_195,โดยปกติแล้วเวลา 23:00 จะมีลูกค้าประมาณ 0% เทียบกับช่วงเวลาที่มีลูกค้ามากที่สุด,วันพฤหัสบดี
ci_195,โดยปกติแล้วเวลา 06:00 จะมีลูกค้าประมาณ 0% เทียบกับช่วงเวลาที่มีลูกค้ามากที่สุด,วันศุกร์
ci_195,โดยปกติแล้วเวลา 07:00 จะมีลูกค้าประมาณ 23% เทียบกับช่วงเวลาที่มีลูกค้ามากที่สุด,วันศุกร์
ci_195,โดยปกติแล้วเวลา 08:00 จะมีลูกค้าประมาณ 30% เทียบกับช่วงเวลาที่มีลูกค้ามากที่สุด,วันศุกร์
ci_195,โดยปกติแล้วเวลา 09:00 จะมีลูกค้าประมาณ 58% เทียบกับช่วงเวลาที่มีลูกค้ามากที่สุด,วันศุกร์
ci_195,โดยปกติแล้วเวลา 10:00 จะมีลูกค้าประมาณ 51% เทียบกับช่วงเวลาที่มีลูกค้ามากที่สุด,วันศุกร์
ci_195,โดยปกติแล้วเวลา 11:00 จะมีลูกค้าประมาณ 43% เทียบกับช่วงเวลาที่มีลูกค้ามากที่สุด,วันศุกร์
ci_195,โดยปกติแล้วเวลา 12:00 จะมีลูกค้าประมาณ 33% เทียบกับช่วงเวลาที่มีลูกค้ามากที่สุด,วันศุกร์
ci_195,โดยปกติแล้วเวลา 13:00 จะมีลูกค้าประมาณ 46% เทียบกับช่วงเวลาที่มีลูกค้ามากที่สุด,วันศุกร์
ci_195,โดยปกติแล้วเวลา 14:00 จะมีลูกค้าประมาณ 58% เทียบกับช่วงเวลาที่มีลูกค้ามากที่สุด,วันศุกร์
ci_195,โดยปกติแล้วเวลา 15:00 จะมีลูกค้าประมาณ 58% เทียบกับช่วงเวลาที่มีลูกค้ามากที่สุด,วันศุกร์
ci_195,โดยปกติแล้วเวลา 16:00 จะมีลูกค้าประมาณ 53% เทียบกับช่วงเวลาที่มีลูกค้ามากที่สุด,วันศุกร์
ci_195,โดยปกติแล้วเวลา 17:00 จะมีลูกค้าประมาณ 61% เทียบกับช่วงเวลาที่มีลูกค้ามากที่สุด,วันศุกร์
ci_195,โดยปกติแล้วเวลา 18:00 จะมีลูกค้าประมาณ 56% เทียบกับช่วงเวลาที่มีลูกค้ามากที่สุด,วันศุกร์
ci_195,โดยปกติแล้วเวลา 19:00 จะมีลูกค้าประมาณ 58% เทียบกับช่วงเวลาที่มีลูกค้ามากที่สุด,วันศุกร์
ci_195,โดยปกติแล้วเวลา 20:00 จะมีลูกค้าประมาณ 0% เทียบกับช่วงเวลาที่มีลูกค้ามากที่สุด,วันศุกร์
ci_195,โดยปกติแล้วเวลา 21:00 จะมีลูกค้าประมาณ 0% เทียบกับช่วงเวลาที่มีลูกค้ามากที่สุด,วันศุกร์
ci_195,โดยปกติแล้วเวลา 22:00 จะมีลูกค้าประมาณ 0% เทียบกับช่วงเวลาที่มีลูกค้ามากที่สุด,วันศุกร์
ci_195,โดยปกติแล้วเวลา 23:00 จะมีลูกค้าประมาณ 0% เทียบกับช่วงเวลาที่มีลูกค้ามากที่สุด,วันศุกร์
ci_195,โดยปกติแล้วเวลา 06:00 จะมีลูกค้าประมาณ 0% เทียบกับช่วงเวลาที่มีลูกค้ามากที่สุด,วันเสาร์
ci_195,โดยปกติแล้วเวลา 07:00 จะมีลูกค้าประมาณ 69% เทียบกับช่วงเวลาที่มีลูกค้ามากที่สุด,วันเสาร์
ci_195,โดยปกติแล้วเวลา 08:00 จะมีลูกค้าประมาณ 46% เทียบกับช่วงเวลาที่มีลูกค้ามากที่สุด,วันเสาร์
ci_195,โดยปกติแล้วเวลา 09:00 จะมีลูกค้าประมาณ 48% เทียบกับช่วงเวลาที่มีลูกค้ามากที่สุด,วันเสาร์
ci_195,โดยปกติแล้วเวลา 10:00 จะมีลูกค้าประมาณ 51% เทียบกับช่วงเวลาที่มีลูกค้ามากที่สุด,วันเสาร์
ci_195,โดยปกติแล้วเวลา 11:00 จะมีลูกค้าประมาณ 51% เทียบกับช่วงเวลาที่มีลูกค้ามากที่สุด,วันเสาร์
ci_195,โดยปกติแล้วเวลา 12:00 จะมีลูกค้าประมาณ 43% เทียบกับช่วงเวลาที่มีลูกค้ามากที่สุด,วันเสาร์
ci_195,โดยปกติแล้วเวลา 13:00 จะมีลูกค้าประมาณ 43% เทียบกับช่วงเวลาที่มีลูกค้ามากที่สุด,วันเสาร์
ci_195,โดยปกติแล้วเวลา 14:00 จะมีลูกค้าประมาณ 51% เทียบกับช่วงเวลาที่มีลูกค้ามากที่สุด,วันเสาร์
ci_195,โดยปกติแล้วเวลา 15:00 จะมีลูกค้าประมาณ 58% เทียบกับช่วงเวลาที่มีลูกค้ามากที่สุด,วันเสาร์
ci_195,โดยปกติแล้วเวลา 16:00 จะมีลูกค้าประมาณ 51% เทียบกับช่วงเวลาที่มีลูกค้ามากที่สุด,วันเสาร์
ci_195,โดยปกติแล้วเวลา 17:00 จะมีลูกค้าประมาณ 53% เทียบกับช่วงเวลาที่มีลูกค้ามากที่สุด,วันเสาร์
ci_195,โดยปกติแล้วเวลา 18:00 จะมีลูกค้าประมาณ 46% เทียบกับช่วงเวลาที่มีลูกค้ามากที่สุด,วันเสาร์
ci_195,โดยปกติแล้วเวลา 19:00 จะมีลูกค้าประมาณ 51% เทียบกับช่วงเวลาที่มีลูกค้ามากที่สุด,วันเสาร์
ci_195,โดยปกติแล้วเวลา 20:00 จะมีลูกค้าประมาณ 0% เทียบกับช่วงเวลาที่มีลูกค้ามากที่สุด,วันเสาร์
ci_195,โดยปกติแล้วเวลา 21:00 จะมีลูกค้าประมาณ 0% เทียบกับช่วงเวลาที่มีลูกค้ามากที่สุด,วันเสาร์
ci_195,โดยปกติแล้วเวลา 22:00 จะมีลูกค้าประมาณ 0% เทียบกับช่วงเวลาที่มีลูกค้ามากที่สุด,วันเสาร์
